pair_id,donor_id,donor_image,target_id,target_image,non_member_id,non_member_anchor_image
pair_0000,n001771,n001771/0002_01.jpg,n003580,n003580/0001_01.jpg,n000579,n000579/0001_01.jpg
pair_0001,n005993,n005993/0001_01.jpg,n003853,n003853/0010_01.jpg,n005641,n005641/0003_01.jpg
pair_0002,n006555,n006555/0002_01.jpg,n008719,n008719/0001_01.jpg,n006236,n006236/0001_01.jpg
pair_0003,n008405,n008405/0003_03.jpg,n000488,n000488/0003_01.jpg,n000131,n000131/0001_02.jpg
pair_0004,n001490,n001490/0001_01.jpg,n008970,n008970/0002_01.jpg,n008915,n008915/0001_01.jpg
pair_0005,n003986,n003986/0002_01.jpg,n004283,n004283/0001_01.jpg,n004772,n004772/0001_01.jpg
pair_0006,n000568,n000568/0003_01.jpg,n003672,n003672/0001_01.jpg,n000807,n000807/0001_01.jpg
pair_0007,n001137,n001137/0001_01.jpg,n001668,n001668/0002_01.jpg,n002993,n002993/0001_01.jpg
pair_0008,n001924,n001924/0002_01.jpg,n007811,n007811/0001_01.jpg,n004919,n004919/0002_01.jpg
pair_0009,n001834,n001834/0001_01.jpg,n001618,n001618/0002_01.jpg,n001966,n001966/0001_01.jpg
pair_0010,n005625,n005625/0001_01.jpg,n008999,n008999/0001_01.jpg,n006809,n006809/0003_01.jpg
pair_0011,n007461,n007461/0003_01.jpg,n001856,n001856/0001_01.jpg,n004147,n004147/0002_01.jpg
pair_0012,n008299,n008299/0001_01.jpg,n003117,n003117/0004_01.jpg,n001226,n001226/0001_01.jpg
pair_0013,n005752,n005752/0002_01.jpg,n008137,n008137/0001_01.jpg,n004713,n004713/0001_01.jpg
pair_0014,n008842,n008842/0001_01.jpg,n002064,n002064/0001_01.jpg,n000136,n000136/0009_01.jpg
pair_0015,n007257,n007257/0002_01.jpg,n007327,n007327/0002_02.jpg,n006113,n006113/0001_01.jpg
pair_0016,n006594,n006594/0001_01.jpg,n008355,n008355/0001_01.jpg,n002598,n002598/0001_01.jpg
pair_0017,n004666,n004666/0001_01.jpg,n000826,n000826/0001_01.jpg,n005779,n005779/0001_01.jpg
pair_0018,n003634,n003634/0008_01.jpg,n006051,n006051/0001_02.jpg,n005689,n005689/0001_01.jpg
pair_0019,n008756,n008756/0001_01.jpg,n006015,n006015/0001_01.jpg,n008414,n008414/0001_01.jpg
pair_0020,n002356,n002356/0001_01.jpg,n006327,n006327/0003_01.jpg,n008275,n008275/0001_01.jpg
pair_0021,n001049,n001049/0001_01.jpg,n006898,n006898/0001_01.jpg,n008379,n008379/0001_02.jpg
pair_0022,n006877,n006877/0002_01.jpg,n005007,n005007/0001_01.jpg,n001079,n001079/0001_01.jpg
pair_0023,n002198,n002198/0001_01.jpg,n002014,n002014/0006_01.jpg,n005016,n005016/0002_01.jpg
pair_0024,n003306,n003306/0004_01.jpg,n007822,n007822/0001_01.jpg,n006925,n006925/0006_01.jpg
pair_0025,n007944,n007944/0001_01.jpg,n005346,n005346/0005_01.jpg,n002036,n002036/0001_01.jpg
pair_0026,n009248,n009248/0001_01.jpg,n004360,n004360/0002_01.jpg,n004710,n004710/0001_01.jpg
pair_0027,n003481,n003481/0002_01.jpg,n003840,n003840/0001_01.jpg,n000030,n000030/0002_01.jpg
pair_0028,n007013,n007013/0001_01.jpg,n001995,n001995/0001_01.jpg,n000161,n000161/0002_01.jpg
pair_0029,n008341,n008341/0001_01.jpg,n003203,n003203/0002_01.jpg,n001583,n001583/0002_01.jpg
pair_0030,n001653,n001653/0001_01.jpg,n000158,n000158/0001_01.jpg,n005116,n005116/0002_01.jpg
pair_0031,n003359,n003359/0001_02.jpg,n003456,n003456/0001_01.jpg,n002220,n002220/0001_01.jpg
pair_0032,n008319,n008319/0001_01.jpg,n007160,n007160/0001_01.jpg,n007543,n007543/0004_01.jpg
pair_0033,n001424,n001424/0002_01.jpg,n003721,n003721/0003_01.jpg,n009223,n009223/0002_01.jpg
pair_0034,n004624,n004624/0003_01.jpg,n000976,n000976/0002_01.jpg,n008114,n008114/0001_01.jpg
pair_0035,n008535,n008535/0001_01.jpg,n007740,n007740/0001_01.jpg,n003245,n003245/0001_01.jpg
pair_0036,n003945,n003945/0008_01.jpg,n000710,n000710/0002_01.jpg,n004674,n004674/0001_01.jpg
pair_0037,n001735,n001735/0001_01.jpg,n006478,n006478/0001_01.jpg,n001377,n001377/0003_01.jpg
pair_0038,n006395,n006395/0001_01.jpg,n007665,n007665/0003_01.jpg,n002612,n002612/0002_01.jpg
pair_0039,n008672,n008672/0001_01.jpg,n008058,n008058/0003_01.jpg,n004806,n004806/0001_01.jpg
pair_0040,n003719,n003719/0003_01.jpg,n003601,n003601/0001_01.jpg,n006072,n006072/0002_01.jpg
pair_0041,n002340,n002340/0001_01.jpg,n008102,n008102/0001_01.jpg,n003209,n003209/0001_01.jpg
pair_0042,n008863,n008863/0001_01.jpg,n001737,n001737/0006_01.jpg,n001843,n001843/0001_01.jpg
pair_0043,n007297,n007297/0001_01.jpg,n000749,n000749/0003_01.jpg,n006212,n006212/0001_01.jpg
pair_0044,n005423,n005423/0001_01.jpg,n000955,n000955/0001_01.jpg,n007657,n007657/0003_01.jpg
pair_0045,n003032,n003032/0002_01.jpg,n002902,n002902/0001_01.jpg,n004946,n004946/0002_01.jpg
pair_0046,n004608,n004608/0005_01.jpg,n004851,n004851/0003_01.jpg,n000220,n000220/0002_01.jpg
pair_0047,n002101,n002101/0002_01.jpg,n008209,n008209/0002_01.jpg,n000839,n000839/0001_01.jpg
pair_0048,n005300,n005300/0003_01.jpg,n002243,n002243/0001_01.jpg,n006396,n006396/0002_01.jpg
pair_0049,n009067,n009067/0001_01.jpg,n002026,n002026/0001_01.jpg,n003645,n003645/0004_01.jpg
pair_0050,n001443,n001443/0004_02.jpg,n005149,n005149/0001_01.jpg,n006536,n006536/0003_01.jpg
pair_0051,n006434,n006434/0001_01.jpg,n000348,n000348/0005_01.jpg,n005702,n005702/0001_01.jpg
pair_0052,n001891,n001891/0001_01.jpg,n002466,n002466/0001_01.jpg,n007603,n007603/0002_01.jpg
pair_0053,n000804,n000804/0001_01.jpg,n003428,n003428/0001_01.jpg,n007010,n007010/0001_01.jpg
pair_0054,n002940,n002940/0001_01.jpg,n004285,n004285/0001_01.jpg,n004343,n004343/0001_01.jpg
pair_0055,n002107,n002107/0001_01.jpg,n008217,n008217/0005_01.jpg,n005012,n005012/0001_01.jpg
pair_0056,n004491,n004491/0003_01.jpg,n004701,n004701/0001_01.jpg,n006249,n006249/0002_01.jpg
pair_0057,n001465,n001465/0003_01.jpg,n002188,n002188/0002_01.jpg,n003783,n003783/0001_01.jpg
pair_0058,n005541,n005541/0002_01.jpg,n005335,n005335/0002_02.jpg,n004054,n004054/0004_01.jpg
pair_0059,n009181,n009181/0001_01.jpg,n004334,n004334/0002_01.jpg,n004543,n004543/0003_01.jpg
pair_0060,n001012,n001012/0002_01.jpg,n004139,n004139/0001_01.jpg,n007945,n007945/0001_01.jpg
pair_0061,n007366,n007366/0002_01.jpg,n004230,n004230/0002_01.jpg,n001244,n001244/0001_01.jpg
pair_0062,n002538,n002538/0001_01.jpg,n004567,n004567/0004_01.jpg,n005472,n005472/0003_01.jpg
pair_0063,n000461,n000461/0001_01.jpg,n009168,n009168/0001_01.jpg,n003716,n003716/0001_01.jpg
pair_0064,n008107,n008107/0001_01.jpg,n000281,n000281/0001_01.jpg,n005908,n005908/0001_01.jpg
pair_0065,n000412,n000412/0001_01.jpg,n009149,n009149/0001_01.jpg,n003466,n003466/0008_01.jpg
pair_0066,n001417,n001417/0002_01.jpg,n000614,n000614/0002_01.jpg,n004516,n004516/0001_01.jpg
pair_0067,n005285,n005285/0004_01.jpg,n001505,n001505/0001_01.jpg,n002376,n002376/0001_01.jpg
pair_0068,n008257,n008257/0001_02.jpg,n001561,n001561/0004_01.jpg,n005379,n005379/0002_01.jpg
pair_0069,n000920,n000920/0001_01.jpg,n001052,n001052/0001_01.jpg,n004659,n004659/0001_01.jpg
pair_0070,n001082,n001082/0001_01.jpg,n008296,n008296/0001_01.jpg,n009053,n009053/0002_02.jpg
pair_0071,n000018,n000018/0001_01.jpg,n007198,n007198/0002_01.jpg,n000811,n000811/0001_01.jpg
pair_0072,n002728,n002728/0001_01.jpg,n003475,n003475/0001_01.jpg,n001667,n001667/0012_03.jpg
pair_0073,n003116,n003116/0003_01.jpg,n002633,n002633/0001_01.jpg,n002237,n002237/0001_01.jpg
pair_0074,n000185,n000185/0001_02.jpg,n002301,n002301/0001_02.jpg,n000004,n000004/0005_01.jpg
pair_0075,n004442,n004442/0001_01.jpg,n004052,n004052/0002_01.jpg,n002006,n002006/0001_01.jpg
pair_0076,n000599,n000599/0006_01.jpg,n000994,n000994/0001_01.jpg,n001616,n001616/0001_01.jpg
pair_0077,n000104,n000104/0001_01.jpg,n005451,n005451/0001_01.jpg,n002745,n002745/0001_01.jpg
pair_0078,n001661,n001661/0003_01.jpg,n007124,n007124/0001_01.jpg,n008650,n008650/0001_01.jpg
pair_0079,n003726,n003726/0001_01.jpg,n000400,n000400/0003_01.jpg,n007978,n007978/0001_01.jpg
pair_0080,n006017,n006017/0001_01.jpg,n006726,n006726/0001_01.jpg,n006209,n006209/0001_01.jpg
pair_0081,n004882,n004882/0001_01.jpg,n008297,n008297/0001_01.jpg,n000304,n000304/0002_01.jpg
pair_0082,n002580,n002580/0005_01.jpg,n007645,n007645/0001_01.jpg,n003916,n003916/0001_01.jpg
pair_0083,n004247,n004247/0002_02.jpg,n008984,n008984/0002_01.jpg,n004291,n004291/0004_01.jpg
pair_0084,n006805,n006805/0002_01.jpg,n009189,n009189/0002_01.jpg,n005169,n005169/0001_02.jpg
pair_0085,n007199,n007199/0022_01.jpg,n005724,n005724/0001_01.jpg,n001427,n001427/0001_01.jpg
pair_0086,n002645,n002645/0001_01.jpg,n001035,n001035/0002_01.jpg,n004841,n004841/0002_01.jpg
pair_0087,n003264,n003264/0001_01.jpg,n006714,n006714/0007_01.jpg,n005236,n005236/0005_01.jpg
pair_0088,n005441,n005441/0001_01.jpg,n006875,n006875/0001_01.jpg,n004201,n004201/0002_01.jpg
pair_0089,n002459,n002459/0001_01.jpg,n004444,n004444/0001_01.jpg,n004012,n004012/0001_01.jpg
pair_0090,n005006,n005006/0001_01.jpg,n003978,n003978/0001_01.jpg,n004518,n004518/0001_01.jpg
pair_0091,n008850,n008850/0004_01.jpg,n001031,n001031/0002_01.jpg,n003599,n003599/0006_01.jpg
pair_0092,n007311,n007311/0003_01.jpg,n002632,n002632/0005_01.jpg,n007956,n007956/0003_01.jpg
pair_0093,n008987,n008987/0001_01.jpg,n001488,n001488/0001_01.jpg,n008560,n008560/0001_01.jpg
pair_0094,n006374,n006374/0001_01.jpg,n009126,n009126/0005_01.jpg,n003194,n003194/0001_01.jpg
pair_0095,n005909,n005909/0001_01.jpg,n007816,n007816/0002_01.jpg,n006816,n006816/0002_01.jpg
pair_0096,n007023,n007023/0004_01.jpg,n006791,n006791/0001_01.jpg,n001580,n001580/0001_01.jpg
pair_0097,n007329,n007329/0001_01.jpg,n001904,n001904/0002_01.jpg,n001662,n001662/0001_01.jpg
pair_0098,n008386,n008386/0001_01.jpg,n000724,n000724/0001_01.jpg,n000095,n000095/0001_01.jpg
pair_0099,n003846,n003846/0001_01.jpg,n005108,n005108/0001_01.jpg,n000845,n000845/0001_01.jpg
pair_0100,n002605,n002605/0001_01.jpg,n002042,n002042/0001_01.jpg,n009172,n009172/0001_01.jpg
pair_0101,n003564,n003564/0002_01.jpg,n006040,n006040/0003_01.jpg,n007081,n007081/0003_01.jpg
pair_0102,n006961,n006961/0002_01.jpg,n008740,n008740/0001_01.jpg,n005870,n005870/0002_01.jpg
pair_0103,n008966,n008966/0003_01.jpg,n003756,n003756/0001_01.jpg,n004917,n004917/0001_01.jpg
pair_0104,n005647,n005647/0001_01.jpg,n004474,n004474/0005_01.jpg,n005429,n005429/0002_01.jpg
pair_0105,n001865,n001865/0001_01.jpg,n004924,n004924/0002_01.jpg,n000549,n000549/0004_01.jpg
pair_0106,n008977,n008977/0001_01.jpg,n005477,n005477/0003_01.jpg,n005339,n005339/0013_01.jpg
pair_0107,n001989,n001989/0002_01.jpg,n004582,n004582/0001_01.jpg,n007710,n007710/0003_01.jpg
pair_0108,n004459,n004459/0004_01.jpg,n003910,n003910/0005_01.jpg,n001568,n001568/0001_01.jpg
pair_0109,n002644,n002644/0001_01.jpg,n001477,n001477/0001_01.jpg,n000264,n000264/0001_01.jpg
pair_0110,n005317,n005317/0003_01.jpg,n004223,n004223/0001_01.jpg,n004083,n004083/0001_01.jpg
pair_0111,n006561,n006561/0001_01.jpg,n001911,n001911/0001_01.jpg,n003051,n003051/0004_01.jpg
pair_0112,n005267,n005267/0007_01.jpg,n000288,n000288/0001_01.jpg,n005849,n005849/0001_01.jpg
pair_0113,n002076,n002076/0003_01.jpg,n003795,n003795/0001_01.jpg,n002209,n002209/0001_01.jpg
pair_0114,n003704,n003704/0001_01.jpg,n008748,n008748/0001_01.jpg,n000687,n000687/0001_01.jpg
pair_0115,n005069,n005069/0005_01.jpg,n001187,n001187/0001_01.jpg,n003766,n003766/0008_01.jpg
pair_0116,n000222,n000222/0011_01.jpg,n009118,n009118/0001_01.jpg,n004784,n004784/0001_01.jpg
pair_0117,n002573,n002573/0001_01.jpg,n003610,n003610/0001_01.jpg,n004587,n004587/0001_01.jpg
pair_0118,n006191,n006191/0001_01.jpg,n002190,n002190/0003_01.jpg,n009069,n009069/0001_01.jpg
pair_0119,n001075,n001075/0006_01.jpg,n000374,n000374/0001_01.jpg,n004467,n004467/0003_01.jpg
pair_0120,n007125,n007125/0001_01.jpg,n007168,n007168/0002_01.jpg,n004776,n004776/0002_01.jpg
pair_0121,n005556,n005556/0001_01.jpg,n008237,n008237/0001_01.jpg,n003366,n003366/0001_01.jpg
pair_0122,n003904,n003904/0001_01.jpg,n004021,n004021/0001_01.jpg,n001068,n001068/0001_01.jpg
pair_0123,n002337,n002337/0001_02.jpg,n002564,n002564/0002_01.jpg,n001743,n001743/0002_01.jpg
pair_0124,n005083,n005083/0002_01.jpg,n007299,n007299/0001_01.jpg,n004128,n004128/0002_01.jpg
pair_0125,n002298,n002298/0001_01.jpg,n002794,n002794/0006_02.jpg,n006110,n006110/0001_01.jpg
pair_0126,n006592,n006592/0002_01.jpg,n007277,n007277/0002_01.jpg,n002971,n002971/0001_01.jpg
pair_0127,n007519,n007519/0001_03.jpg,n006953,n006953/0002_01.jpg,n000066,n000066/0001_03.jpg
pair_0128,n007143,n007143/0010_01.jpg,n000227,n000227/0001_01.jpg,n006969,n006969/0001_01.jpg
pair_0129,n004643,n004643/0002_01.jpg,n001128,n001128/0001_01.jpg,n001914,n001914/0001_01.jpg
pair_0130,n003332,n003332/0002_01.jpg,n006207,n006207/0001_01.jpg,n001038,n001038/0002_01.jpg
pair_0131,n007073,n007073/0001_01.jpg,n000252,n000252/0001_02.jpg,n006783,n006783/0001_01.jpg
pair_0132,n006153,n006153/0001_01.jpg,n004312,n004312/0007_01.jpg,n004874,n004874/0001_01.jpg
pair_0133,n003103,n003103/0001_01.jpg,n003972,n003972/0002_01.jpg,n007129,n007129/0001_01.jpg
pair_0134,n007907,n007907/0001_01.jpg,n004215,n004215/0001_01.jpg,n004379,n004379/0001_01.jpg
pair_0135,n002817,n002817/0002_01.jpg,n006840,n006840/0001_01.jpg,n006315,n006315/0008_01.jpg
pair_0136,n005885,n005885/0001_01.jpg,n002119,n002119/0001_01.jpg,n005733,n005733/0003_01.jpg
pair_0137,n005624,n005624/0001_01.jpg,n002402,n002402/0001_01.jpg,n005984,n005984/0001_01.jpg
pair_0138,n001026,n001026/0001_01.jpg,n004998,n004998/0002_01.jpg,n001111,n001111/0001_01.jpg
pair_0139,n006902,n006902/0001_01.jpg,n005654,n005654/0002_01.jpg,n000534,n000534/0001_01.jpg
pair_0140,n007000,n007000/0001_01.jpg,n003858,n003858/0001_01.jpg,n002504,n002504/0001_01.jpg
pair_0141,n009254,n009254/0003_01.jpg,n007775,n007775/0001_01.jpg,n000189,n000189/0001_01.jpg
pair_0142,n001693,n001693/0001_01.jpg,n005445,n005445/0003_01.jpg,n007704,n007704/0001_01.jpg
pair_0143,n009170,n009170/0001_01.jpg,n004680,n004680/0001_01.jpg,n001425,n001425/0001_01.jpg
pair_0144,n006279,n006279/0002_01.jpg,n006019,n006019/0003_01.jpg,n007300,n007300/0002_01.jpg
pair_0145,n005470,n005470/0001_01.jpg,n003178,n003178/0001_01.jpg,n002819,n002819/0001_01.jpg
pair_0146,n007652,n007652/0001_01.jpg,n002693,n002693/0002_02.jpg,n002089,n002089/0003_01.jpg
pair_0147,n002919,n002919/0002_01.jpg,n006941,n006941/0001_01.jpg,n000910,n000910/0002_01.jpg
pair_0148,n004606,n004606/0002_01.jpg,n001705,n001705/0002_01.jpg,n004868,n004868/0001_01.jpg
pair_0149,n004704,n004704/0001_01.jpg,n008362,n008362/0001_01.jpg,n005937,n005937/0003_01.jpg
pair_0150,n008796,n008796/0001_01.jpg,n007501,n007501/0003_01.jpg,n002714,n002714/0001_01.jpg
pair_0151,n003648,n003648/0001_01.jpg,n004332,n004332/0005_01.jpg,n005538,n005538/0001_01.jpg
pair_0152,n009266,n009266/0001_01.jpg,n001028,n001028/0002_01.jpg,n006482,n006482/0004_01.jpg
pair_0153,n007724,n007724/0005_01.jpg,n009207,n009207/0010_01.jpg,n007632,n007632/0002_01.jpg
pair_0154,n008078,n008078/0003_01.jpg,n005925,n005925/0001_01.jpg,n003454,n003454/0001_01.jpg
pair_0155,n008152,n008152/0005_01.jpg,n002370,n002370/0002_01.jpg,n008254,n008254/0002_01.jpg
pair_0156,n007729,n007729/0001_01.jpg,n008972,n008972/0001_01.jpg,n004042,n004042/0002_01.jpg
pair_0157,n001541,n001541/0001_01.jpg,n005768,n005768/0002_01.jpg,n007936,n007936/0001_01.jpg
pair_0158,n004328,n004328/0001_01.jpg,n005194,n005194/0001_01.jpg,n000056,n000056/0001_01.jpg
pair_0159,n005158,n005158/0003_01.jpg,n002738,n002738/0002_01.jpg,n003256,n003256/0002_01.jpg
pair_0160,n007818,n007818/0001_01.jpg,n004767,n004767/0005_01.jpg,n002723,n002723/0001_01.jpg
pair_0161,n006223,n006223/0001_01.jpg,n008135,n008135/0003_01.jpg,n000842,n000842/0002_01.jpg
pair_0162,n007942,n007942/0001_01.jpg,n005796,n005796/0005_01.jpg,n000795,n000795/0002_01.jpg
pair_0163,n001343,n001343/0005_01.jpg,n006965,n006965/0001_01.jpg,n002075,n002075/0001_01.jpg
pair_0164,n003703,n003703/0002_01.jpg,n000293,n000293/0002_02.jpg,n008968,n008968/0004_01.jpg
pair_0165,n006867,n006867/0005_01.jpg,n002501,n002501/0001_02.jpg,n003107,n003107/0001_01.jpg
pair_0166,n006625,n006625/0001_01.jpg,n005460,n005460/0001_01.jpg,n001170,n001170/0006_02.jpg
pair_0167,n004063,n004063/0002_01.jpg,n000316,n000316/0001_01.jpg,n002978,n002978/0002_01.jpg
pair_0168,n003639,n003639/0002_01.jpg,n006087,n006087/0001_01.jpg,n003077,n003077/0003_01.jpg
pair_0169,n002801,n002801/0002_01.jpg,n000677,n000677/0002_01.jpg,n000351,n000351/0001_01.jpg
pair_0170,n001129,n001129/0001_01.jpg,n001514,n001514/0001_01.jpg,n003004,n003004/0003_01.jpg
pair_0171,n007227,n007227/0002_02.jpg,n005457,n005457/0001_02.jpg,n008641,n008641/0005_01.jpg
pair_0172,n003654,n003654/0004_01.jpg,n004182,n004182/0001_01.jpg,n003815,n003815/0003_01.jpg
pair_0173,n009151,n009151/0001_01.jpg,n008017,n008017/0003_01.jpg,n007290,n007290/0001_01.jpg
pair_0174,n002764,n002764/0001_01.jpg,n009196,n009196/0002_01.jpg,n003720,n003720/0002_01.jpg
pair_0175,n006041,n006041/0002_01.jpg,n002336,n002336/0003_01.jpg,n001376,n001376/0001_01.jpg
pair_0176,n002844,n002844/0001_01.jpg,n002007,n002007/0001_01.jpg,n008759,n008759/0001_01.jpg
pair_0177,n006843,n006843/0004_01.jpg,n008553,n008553/0001_02.jpg,n002692,n002692/0001_01.jpg
pair_0178,n007357,n007357/0004_01.jpg,n008253,n008253/0001_01.jpg,n000953,n000953/0001_01.jpg
pair_0179,n005277,n005277/0002_02.jpg,n006727,n006727/0001_02.jpg,n002183,n002183/0002_01.jpg
pair_0180,n006778,n006778/0001_01.jpg,n006440,n006440/0001_01.jpg,n000065,n000065/0002_01.jpg
pair_0181,n007621,n007621/0002_01.jpg,n008557,n008557/0002_01.jpg,n004116,n004116/0002_01.jpg
pair_0182,n000103,n000103/0003_01.jpg,n007105,n007105/0001_01.jpg,n003181,n003181/0001_01.jpg
pair_0183,n006379,n006379/0003_02.jpg,n006441,n006441/0001_01.jpg,n001025,n001025/0001_01.jpg
pair_0184,n006475,n006475/0001_01.jpg,n008144,n008144/0001_01.jpg,n000037,n000037/0002_02.jpg
pair_0185,n004558,n004558/0002_01.jpg,n003301,n003301/0002_01.jpg,n006103,n006103/0003_01.jpg
pair_0186,n000553,n000553/0001_01.jpg,n004134,n004134/0001_01.jpg,n002497,n002497/0001_01.jpg
pair_0187,n006287,n006287/0001_01.jpg,n004530,n004530/0001_02.jpg,n007247,n007247/0001_01.jpg
pair_0188,n000638,n000638/0001_01.jpg,n002148,n002148/0001_01.jpg,n001239,n001239/0001_01.jpg
pair_0189,n004107,n004107/0001_01.jpg,n001791,n001791/0002_01.jpg,n000446,n000446/0001_01.jpg
pair_0190,n004565,n004565/0002_01.jpg,n008332,n008332/0001_01.jpg,n000813,n000813/0003_01.jpg
pair_0191,n003029,n003029/0001_01.jpg,n003191,n003191/0001_01.jpg,n000098,n000098/0001_01.jpg
pair_0192,n004108,n004108/0002_01.jpg,n003717,n003717/0001_01.jpg,n007272,n007272/0002_02.jpg
pair_0193,n002918,n002918/0004_01.jpg,n009229,n009229/0001_01.jpg,n008202,n008202/0005_01.jpg
pair_0194,n008997,n008997/0001_01.jpg,n002910,n002910/0001_01.jpg,n000664,n000664/0002_01.jpg
pair_0195,n007596,n007596/0003_01.jpg,n003569,n003569/0002_01.jpg,n000087,n000087/0002_01.jpg
pair_0196,n007066,n007066/0004_01.jpg,n005798,n005798/0002_01.jpg,n004494,n004494/0004_01.jpg
pair_0197,n008170,n008170/0004_01.jpg,n000069,n000069/0001_01.jpg,n004427,n004427/0004_01.jpg
pair_0198,n002923,n002923/0005_01.jpg,n004672,n004672/0002_01.jpg,n002176,n002176/0001_01.jpg
pair_0199,n007955,n007955/0001_01.jpg,n002226,n002226/0001_02.jpg,n001195,n001195/0004_01.jpg
pair_0200,n005096,n005096/0001_01.jpg,n008695,n008695/0001_01.jpg,n003578,n003578/0002_01.jpg
pair_0201,n001358,n001358/0005_01.jpg,n000409,n000409/0002_01.jpg,n002013,n002013/0001_01.jpg
pair_0202,n005002,n005002/0002_01.jpg,n008415,n008415/0002_01.jpg,n003903,n003903/0006_01.jpg
pair_0203,n005811,n005811/0003_01.jpg,n008816,n008816/0002_02.jpg,n001272,n001272/0001_01.jpg
pair_0204,n004550,n004550/0002_01.jpg,n000362,n000362/0001_01.jpg,n007122,n007122/0001_01.jpg
pair_0205,n009025,n009025/0003_01.jpg,n009072,n009072/0015_01.jpg,n004849,n004849/0003_01.jpg
pair_0206,n000661,n000661/0002_01.jpg,n008726,n008726/0003_01.jpg,n000302,n000302/0001_01.jpg
pair_0207,n004103,n004103/0001_01.jpg,n004275,n004275/0001_01.jpg,n000823,n000823/0001_01.jpg
pair_0208,n003750,n003750/0001_01.jpg,n007235,n007235/0002_01.jpg,n001818,n001818/0001_01.jpg
pair_0209,n000198,n000198/0004_01.jpg,n003602,n003602/0002_01.jpg,n001181,n001181/0001_01.jpg
pair_0210,n002345,n002345/0001_01.jpg,n004345,n004345/0001_01.jpg,n002355,n002355/0001_01.jpg
pair_0211,n003482,n003482/0004_01.jpg,n008610,n008610/0004_01.jpg,n004910,n004910/0001_01.jpg
pair_0212,n004589,n004589/0001_01.jpg,n004019,n004019/0001_01.jpg,n008576,n008576/0001_01.jpg
pair_0213,n005057,n005057/0003_01.jpg,n003629,n003629/0002_01.jpg,n002974,n002974/0003_02.jpg
pair_0214,n006308,n006308/0002_01.jpg,n005920,n005920/0001_01.jpg,n001053,n001053/0001_01.jpg
pair_0215,n000444,n000444/0002_01.jpg,n008660,n008660/0002_02.jpg,n001862,n001862/0001_02.jpg
pair_0216,n002253,n002253/0001_01.jpg,n005323,n005323/0002_01.jpg,n005865,n005865/0003_01.jpg
pair_0217,n002638,n002638/0001_01.jpg,n005372,n005372/0002_01.jpg,n007629,n007629/0001_02.jpg
pair_0218,n007546,n007546/0004_01.jpg,n005587,n005587/0001_01.jpg,n000968,n000968/0001_01.jpg
pair_0219,n002811,n002811/0003_01.jpg,n004943,n004943/0001_01.jpg,n003620,n003620/0001_01.jpg
pair_0220,n006504,n006504/0005_01.jpg,n003934,n003934/0001_01.jpg,n008368,n008368/0001_01.jpg
pair_0221,n008123,n008123/0004_01.jpg,n005066,n005066/0001_01.jpg,n006893,n006893/0003_01.jpg
pair_0222,n000913,n000913/0002_01.jpg,n003114,n003114/0001_01.jpg,n001096,n001096/0001_01.jpg
pair_0223,n003465,n003465/0001_01.jpg,n002244,n002244/0002_01.jpg,n006717,n006717/0002_01.jpg
pair_0224,n008401,n008401/0003_01.jpg,n004853,n004853/0001_01.jpg,n005287,n005287/0001_01.jpg
pair_0225,n007660,n007660/0003_01.jpg,n003047,n003047/0001_02.jpg,n006680,n006680/0001_01.jpg
pair_0226,n005032,n005032/0002_01.jpg,n005597,n005597/0001_01.jpg,n000825,n000825/0002_01.jpg
pair_0227,n000143,n000143/0004_01.jpg,n006171,n006171/0002_01.jpg,n006742,n006742/0004_01.jpg
pair_0228,n001658,n001658/0001_01.jpg,n006976,n006976/0001_01.jpg,n005241,n005241/0001_01.jpg
pair_0229,n004391,n004391/0003_01.jpg,n004126,n004126/0001_01.jpg,n008826,n008826/0001_01.jpg
pair_0230,n001165,n001165/0002_01.jpg,n007578,n007578/0001_01.jpg,n006252,n006252/0001_01.jpg
pair_0231,n006793,n006793/0015_01.jpg,n000300,n000300/0001_01.jpg,n001899,n001899/0004_01.jpg
pair_0232,n007966,n007966/0001_01.jpg,n007463,n007463/0003_01.jpg,n000042,n000042/0001_01.jpg
pair_0233,n003312,n003312/0001_01.jpg,n006355,n006355/0002_01.jpg,n006073,n006073/0004_01.jpg
pair_0234,n000900,n000900/0003_01.jpg,n005829,n005829/0001_01.jpg,n003824,n003824/0001_01.jpg
pair_0235,n000875,n000875/0007_01.jpg,n006022,n006022/0002_01.jpg,n002175,n002175/0002_01.jpg
pair_0236,n000408,n000408/0004_01.jpg,n006734,n006734/0002_01.jpg,n008712,n008712/0003_01.jpg
pair_0237,n006881,n006881/0001_02.jpg,n005805,n005805/0001_01.jpg,n007524,n007524/0001_02.jpg
pair_0238,n007102,n007102/0001_01.jpg,n008111,n008111/0001_01.jpg,n002071,n002071/0001_01.jpg
pair_0239,n008924,n008924/0001_01.jpg,n000064,n000064/0001_01.jpg,n001260,n001260/0002_01.jpg
pair_0240,n001564,n001564/0009_01.jpg,n008181,n008181/0001_01.jpg,n005074,n005074/0005_01.jpg
pair_0241,n001575,n001575/0001_01.jpg,n009167,n009167/0001_01.jpg,n008805,n008805/0001_01.jpg
pair_0242,n004305,n004305/0001_01.jpg,n001725,n001725/0003_01.jpg,n008959,n008959/0002_01.jpg
pair_0243,n002499,n002499/0003_01.jpg,n000726,n000726/0001_01.jpg,n004342,n004342/0001_01.jpg
pair_0244,n006118,n006118/0002_01.jpg,n001519,n001519/0001_01.jpg,n005371,n005371/0001_01.jpg
pair_0245,n008424,n008424/0001_01.jpg,n009166,n009166/0002_01.jpg,n001342,n001342/0002_01.jpg
pair_0246,n005609,n005609/0005_01.jpg,n003363,n003363/0004_01.jpg,n008139,n008139/0003_01.jpg
pair_0247,n004568,n004568/0004_01.jpg,n004181,n004181/0001_01.jpg,n005714,n005714/0005_01.jpg
pair_0248,n001597,n001597/0003_01.jpg,n005567,n005567/0001_01.jpg,n006690,n006690/0001_01.jpg
pair_0249,n008600,n008600/0001_03.jpg,n004237,n004237/0001_01.jpg,n002713,n002713/0002_01.jpg
pair_0250,n000246,n000246/0003_01.jpg,n001495,n001495/0001_01.jpg,n008851,n008851/0003_01.jpg
pair_0251,n003638,n003638/0002_01.jpg,n008534,n008534/0001_01.jpg,n004654,n004654/0001_01.jpg
pair_0252,n000021,n000021/0010_01.jpg,n000555,n000555/0003_01.jpg,n005435,n005435/0001_01.jpg
pair_0253,n003168,n003168/0002_01.jpg,n000612,n000612/0001_01.jpg,n000996,n000996/0001_01.jpg
pair_0254,n001775,n001775/0001_01.jpg,n002618,n002618/0001_01.jpg,n006264,n006264/0001_01.jpg
pair_0255,n009029,n009029/0001_02.jpg,n006599,n006599/0006_01.jpg,n004807,n004807/0004_01.jpg
pair_0256,n005785,n005785/0001_01.jpg,n003265,n003265/0003_01.jpg,n002631,n002631/0001_01.jpg
pair_0257,n003348,n003348/0001_01.jpg,n002643,n002643/0001_01.jpg,n001367,n001367/0001_01.jpg
pair_0258,n004005,n004005/0001_01.jpg,n006085,n006085/0003_01.jpg,n003520,n003520/0001_01.jpg
pair_0259,n006848,n006848/0001_01.jpg,n008507,n008507/0001_01.jpg,n006645,n006645/0001_01.jpg
pair_0260,n006849,n006849/0003_02.jpg,n007618,n007618/0001_02.jpg,n001917,n001917/0002_01.jpg
pair_0261,n002358,n002358/0002_01.jpg,n008643,n008643/0001_01.jpg,n003884,n003884/0002_01.jpg
pair_0262,n000366,n000366/0001_01.jpg,n006796,n006796/0007_01.jpg,n003603,n003603/0001_01.jpg
pair_0263,n000733,n000733/0001_01.jpg,n001359,n001359/0001_01.jpg,n005667,n005667/0001_01.jpg
pair_0264,n006314,n006314/0004_01.jpg,n003597,n003597/0008_01.jpg,n007115,n007115/0001_01.jpg
pair_0265,n004677,n004677/0001_01.jpg,n008673,n008673/0001_01.jpg,n002506,n002506/0001_01.jpg
pair_0266,n000172,n000172/0002_01.jpg,n001786,n001786/0005_01.jpg,n003684,n003684/0001_01.jpg
pair_0267,n006567,n006567/0001_01.jpg,n004154,n004154/0001_01.jpg,n004875,n004875/0002_01.jpg
pair_0268,n000499,n000499/0002_01.jpg,n004590,n004590/0002_01.jpg,n002634,n002634/0001_01.jpg
pair_0269,n005393,n005393/0001_02.jpg,n008762,n008762/0002_01.jpg,n008974,n008974/0001_01.jpg
pair_0270,n000469,n000469/0001_01.jpg,n005197,n005197/0001_01.jpg,n002104,n002104/0002_01.jpg
pair_0271,n004471,n004471/0001_01.jpg,n004691,n004691/0004_01.jpg,n003619,n003619/0002_02.jpg
pair_0272,n000357,n000357/0003_01.jpg,n007614,n007614/0001_01.jpg,n001573,n001573/0002_01.jpg
pair_0273,n005228,n005228/0001_01.jpg,n003224,n003224/0001_01.jpg,n000159,n000159/0001_01.jpg
pair_0274,n006671,n006671/0001_01.jpg,n005951,n005951/0001_01.jpg,n009102,n009102/0005_01.jpg
pair_0275,n003407,n003407/0001_01.jpg,n005900,n005900/0001_01.jpg,n004468,n004468/0001_01.jpg
pair_0276,n000008,n000008/0002_01.jpg,n001479,n001479/0001_01.jpg,n004541,n004541/0001_01.jpg
pair_0277,n007380,n007380/0004_01.jpg,n008252,n008252/0006_01.jpg,n006487,n006487/0006_01.jpg
pair_0278,n006486,n006486/0001_01.jpg,n003593,n003593/0001_01.jpg,n007608,n007608/0005_01.jpg
pair_0279,n001554,n001554/0002_01.jpg,n009010,n009010/0002_01.jpg,n007177,n007177/0001_01.jpg
pair_0280,n008404,n008404/0001_01.jpg,n007233,n007233/0002_01.jpg,n009101,n009101/0001_01.jpg
pair_0281,n007476,n007476/0001_01.jpg,n004665,n004665/0001_01.jpg,n001086,n001086/0001_01.jpg
pair_0282,n004410,n004410/0001_01.jpg,n004096,n004096/0001_01.jpg,n007434,n007434/0002_01.jpg
pair_0283,n002395,n002395/0001_01.jpg,n008175,n008175/0001_01.jpg,n007353,n007353/0003_01.jpg
pair_0284,n008247,n008247/0002_01.jpg,n001263,n001263/0001_01.jpg,n001718,n001718/0001_01.jpg
pair_0285,n003510,n003510/0005_01.jpg,n003930,n003930/0003_01.jpg,n000369,n000369/0002_01.jpg
pair_0286,n002628,n002628/0001_01.jpg,n007506,n007506/0003_01.jpg,n000678,n000678/0001_01.jpg
pair_0287,n008880,n008880/0003_01.jpg,n004081,n004081/0001_01.jpg,n001152,n001152/0001_01.jpg
pair_0288,n007570,n007570/0001_01.jpg,n006131,n006131/0001_01.jpg,n006670,n006670/0005_01.jpg
pair_0289,n001874,n001874/0001_01.jpg,n002635,n002635/0001_01.jpg,n005290,n005290/0001_01.jpg
pair_0290,n001288,n001288/0005_02.jpg,n000626,n000626/0001_01.jpg,n007413,n007413/0001_01.jpg
pair_0291,n005366,n005366/0001_01.jpg,n002911,n002911/0003_01.jpg,n003369,n003369/0002_01.jpg
pair_0292,n002979,n002979/0004_01.jpg,n009212,n009212/0001_01.jpg,n000117,n000117/0003_01.jpg
pair_0293,n002416,n002416/0001_01.jpg,n007518,n007518/0001_01.jpg,n003460,n003460/0001_01.jpg
pair_0294,n008543,n008543/0001_01.jpg,n003874,n003874/0002_01.jpg,n002613,n002613/0001_01.jpg
pair_0295,n005879,n005879/0001_01.jpg,n005616,n005616/0004_01.jpg,n002091,n002091/0001_01.jpg
pair_0296,n000184,n000184/0003_01.jpg,n001900,n001900/0002_01.jpg,n004256,n004256/0002_01.jpg
pair_0297,n007815,n007815/0004_02.jpg,n001436,n001436/0001_01.jpg,n006754,n006754/0003_01.jpg
pair_0298,n007048,n007048/0001_01.jpg,n005939,n005939/0001_01.jpg,n007363,n007363/0002_01.jpg
pair_0299,n006398,n006398/0002_01.jpg,n004160,n004160/0001_01.jpg,n007904,n007904/0003_01.jpg
pair_0300,n009084,n009084/0001_02.jpg,n001824,n001824/0007_01.jpg,n005407,n005407/0002_01.jpg
pair_0301,n002033,n002033/0001_01.jpg,n007119,n007119/0001_01.jpg,n002602,n002602/0002_01.jpg
pair_0302,n004913,n004913/0001_01.jpg,n001151,n001151/0001_01.jpg,n005150,n005150/0001_01.jpg
pair_0303,n006132,n006132/0001_01.jpg,n008293,n008293/0001_01.jpg,n006485,n006485/0005_01.jpg
pair_0304,n001841,n001841/0001_01.jpg,n007499,n007499/0004_01.jpg,n002673,n002673/0002_01.jpg
pair_0305,n006250,n006250/0001_01.jpg,n004336,n004336/0002_01.jpg,n005401,n005401/0002_01.jpg
pair_0306,n000270,n000270/0001_01.jpg,n004834,n004834/0003_01.jpg,n000102,n000102/0001_01.jpg
pair_0307,n000473,n000473/0003_01.jpg,n000269,n000269/0001_01.jpg,n002606,n002606/0001_01.jpg
pair_0308,n005396,n005396/0001_02.jpg,n008448,n008448/0001_01.jpg,n003329,n003329/0001_01.jpg
pair_0309,n001754,n001754/0002_01.jpg,n001827,n001827/0004_01.jpg,n004566,n004566/0002_01.jpg
pair_0310,n002572,n002572/0001_01.jpg,n003732,n003732/0001_01.jpg,n001990,n001990/0003_01.jpg
pair_0311,n009165,n009165/0001_01.jpg,n007025,n007025/0001_01.jpg,n002307,n002307/0001_01.jpg
pair_0312,n006429,n006429/0005_01.jpg,n006661,n006661/0004_01.jpg,n001600,n001600/0001_01.jpg
pair_0313,n000797,n000797/0004_01.jpg,n002815,n002815/0001_01.jpg,n008885,n008885/0001_01.jpg
pair_0314,n001088,n001088/0001_01.jpg,n007206,n007206/0002_01.jpg,n006634,n006634/0001_01.jpg
pair_0315,n007286,n007286/0001_01.jpg,n000829,n000829/0002_01.jpg,n007137,n007137/0008_01.jpg
pair_0316,n008933,n008933/0003_01.jpg,n000806,n000806/0001_01.jpg,n001175,n001175/0001_01.jpg
pair_0317,n000167,n000167/0001_01.jpg,n007447,n007447/0001_01.jpg,n001280,n001280/0003_01.jpg
pair_0318,n004517,n004517/0003_01.jpg,n005382,n005382/0016_01.jpg,n007985,n007985/0001_01.jpg
pair_0319,n005292,n005292/0002_01.jpg,n008813,n008813/0001_01.jpg,n001384,n001384/0001_01.jpg
pair_0320,n003571,n003571/0024_02.jpg,n004048,n004048/0001_01.jpg,n007170,n007170/0001_01.jpg
pair_0321,n003987,n003987/0004_01.jpg,n008596,n008596/0001_01.jpg,n007197,n007197/0001_01.jpg
pair_0322,n001759,n001759/0001_01.jpg,n007509,n007509/0004_01.jpg,n000707,n000707/0001_01.jpg
pair_0323,n004409,n004409/0003_01.jpg,n004087,n004087/0001_01.jpg,n000347,n000347/0001_01.jpg
pair_0324,n004732,n004732/0001_01.jpg,n006790,n006790/0001_01.jpg,n000314,n000314/0002_01.jpg
pair_0325,n000361,n000361/0005_02.jpg,n006140,n006140/0003_01.jpg,n004211,n004211/0002_01.jpg
pair_0326,n006707,n006707/0001_01.jpg,n007777,n007777/0001_01.jpg,n007266,n007266/0002_01.jpg
pair_0327,n001615,n001615/0001_01.jpg,n001941,n001941/0002_01.jpg,n008835,n008835/0001_01.jpg
pair_0328,n001552,n001552/0001_01.jpg,n003451,n003451/0001_01.jpg,n008799,n008799/0001_01.jpg
pair_0329,n007392,n007392/0004_01.jpg,n002098,n002098/0001_01.jpg,n000631,n000631/0002_01.jpg
pair_0330,n005970,n005970/0007_01.jpg,n004854,n004854/0001_01.jpg,n007767,n007767/0002_01.jpg
pair_0331,n000413,n000413/0001_01.jpg,n004159,n004159/0001_01.jpg,n008797,n008797/0006_01.jpg
pair_0332,n006326,n006326/0001_01.jpg,n001979,n001979/0001_01.jpg,n002583,n002583/0001_01.jpg
pair_0333,n005801,n005801/0001_01.jpg,n006801,n006801/0001_01.jpg,n007806,n007806/0001_01.jpg
pair_0334,n001884,n001884/0001_01.jpg,n006556,n006556/0002_01.jpg,n001974,n001974/0001_01.jpg
pair_0335,n005399,n005399/0001_01.jpg,n001721,n001721/0001_01.jpg,n007958,n007958/0001_01.jpg
pair_0336,n007599,n007599/0001_01.jpg,n003869,n003869/0001_01.jpg,n003099,n003099/0001_01.jpg
pair_0337,n002864,n002864/0002_01.jpg,n008134,n008134/0002_01.jpg,n004252,n004252/0001_01.jpg
pair_0338,n006285,n006285/0001_01.jpg,n008433,n008433/0005_01.jpg,n003666,n003666/0002_01.jpg
pair_0339,n000209,n000209/0001_01.jpg,n001269,n001269/0001_01.jpg,n006966,n006966/0003_01.jpg
pair_0340,n006926,n006926/0001_01.jpg,n001617,n001617/0001_01.jpg,n000763,n000763/0003_01.jpg
pair_0341,n003947,n003947/0001_01.jpg,n006283,n006283/0001_01.jpg,n002388,n002388/0004_01.jpg
pair_0342,n002067,n002067/0001_01.jpg,n006342,n006342/0001_01.jpg,n000870,n000870/0001_01.jpg
pair_0343,n004519,n004519/0001_02.jpg,n002593,n002593/0001_01.jpg,n004716,n004716/0001_01.jpg
pair_0344,n001186,n001186/0005_01.jpg,n001441,n001441/0001_01.jpg,n007995,n007995/0014_01.jpg
pair_0345,n003811,n003811/0001_01.jpg,n002712,n002712/0001_01.jpg,n001810,n001810/0001_01.jpg
pair_0346,n001739,n001739/0002_01.jpg,n006325,n006325/0003_01.jpg,n000089,n000089/0002_01.jpg
pair_0347,n000608,n000608/0001_01.jpg,n001651,n001651/0003_01.jpg,n001517,n001517/0003_01.jpg
pair_0348,n006608,n006608/0001_01.jpg,n005823,n005823/0002_01.jpg,n008475,n008475/0002_01.jpg
pair_0349,n003198,n003198/0001_01.jpg,n002733,n002733/0001_01.jpg,n002848,n002848/0001_01.jpg
pair_0350,n002471,n002471/0001_01.jpg,n001676,n001676/0001_01.jpg,n002487,n002487/0002_01.jpg
pair_0351,n003113,n003113/0010_01.jpg,n008273,n008273/0001_01.jpg,n005579,n005579/0001_01.jpg
pair_0352,n006392,n006392/0001_01.jpg,n008487,n008487/0001_01.jpg,n009130,n009130/0001_01.jpg
pair_0353,n000502,n000502/0002_01.jpg,n003767,n003767/0001_01.jpg,n007508,n007508/0001_01.jpg
pair_0354,n000112,n000112/0001_01.jpg,n004607,n004607/0004_01.jpg,n005321,n005321/0001_01.jpg
pair_0355,n003016,n003016/0001_01.jpg,n000535,n000535/0003_01.jpg,n007994,n007994/0003_01.jpg
pair_0356,n008065,n008065/0002_01.jpg,n002054,n002054/0004_02.jpg,n006146,n006146/0001_01.jpg
pair_0357,n003789,n003789/0002_01.jpg,n008060,n008060/0001_01.jpg,n006388,n006388/0002_02.jpg
pair_0358,n008387,n008387/0001_01.jpg,n007674,n007674/0001_01.jpg,n005387,n005387/0001_01.jpg
pair_0359,n004773,n004773/0010_01.jpg,n008372,n008372/0002_01.jpg,n000944,n000944/0001_01.jpg
pair_0360,n004901,n004901/0001_01.jpg,n003274,n003274/0012_01.jpg,n000265,n000265/0003_01.jpg
pair_0361,n002585,n002585/0001_01.jpg,n005139,n005139/0003_01.jpg,n007832,n007832/0002_01.jpg
pair_0362,n007030,n007030/0001_01.jpg,n007607,n007607/0002_01.jpg,n000433,n000433/0002_01.jpg
pair_0363,n002860,n002860/0003_01.jpg,n007661,n007661/0001_01.jpg,n007748,n007748/0001_01.jpg
pair_0364,n006559,n006559/0005_01.jpg,n001502,n001502/0001_01.jpg,n006620,n006620/0001_01.jpg
pair_0365,n007856,n007856/0001_01.jpg,n005543,n005543/0001_01.jpg,n002520,n002520/0002_01.jpg
pair_0366,n003561,n003561/0008_01.jpg,n002939,n002939/0001_01.jpg,n005259,n005259/0002_01.jpg
pair_0367,n002303,n002303/0002_02.jpg,n002832,n002832/0002_01.jpg,n001100,n001100/0002_01.jpg
pair_0368,n005283,n005283/0002_01.jpg,n001083,n001083/0007_01.jpg,n001323,n001323/0001_01.jpg
pair_0369,n008177,n008177/0002_01.jpg,n007084,n007084/0002_01.jpg,n003338,n003338/0001_01.jpg
pair_0370,n006911,n006911/0001_01.jpg,n006705,n006705/0002_01.jpg,n006568,n006568/0001_01.jpg
pair_0371,n001442,n001442/0003_01.jpg,n008568,n008568/0001_01.jpg,n008892,n008892/0001_01.jpg
pair_0372,n008657,n008657/0001_01.jpg,n004385,n004385/0002_01.jpg,n005232,n005232/0001_01.jpg
pair_0373,n003699,n003699/0006_01.jpg,n004544,n004544/0002_01.jpg,n003152,n003152/0003_01.jpg
pair_0374,n004509,n004509/0013_01.jpg,n002999,n002999/0001_01.jpg,n009208,n009208/0002_01.jpg
pair_0375,n006739,n006739/0002_01.jpg,n000028,n000028/0002_01.jpg,n006513,n006513/0001_01.jpg
pair_0376,n008282,n008282/0001_01.jpg,n005214,n005214/0005_02.jpg,n000772,n000772/0003_01.jpg
pair_0377,n001559,n001559/0001_01.jpg,n005403,n005403/0003_01.jpg,n003762,n003762/0001_01.jpg
pair_0378,n000685,n000685/0001_01.jpg,n000010,n000010/0001_01.jpg,n008913,n008913/0005_01.jpg
pair_0379,n006148,n006148/0001_01.jpg,n004253,n004253/0001_01.jpg,n002933,n002933/0001_01.jpg
pair_0380,n005240,n005240/0002_01.jpg,n001652,n001652/0003_01.jpg,n005721,n005721/0001_01.jpg
pair_0381,n000405,n000405/0001_01.jpg,n003823,n003823/0001_01.jpg,n000859,n000859/0001_01.jpg
pair_0382,n003484,n003484/0004_01.jpg,n008441,n008441/0001_01.jpg,n003512,n003512/0007_01.jpg
pair_0383,n007338,n007338/0001_01.jpg,n007959,n007959/0003_02.jpg,n001906,n001906/0002_01.jpg
pair_0384,n007225,n007225/0001_01.jpg,n000629,n000629/0004_01.jpg,n002464,n002464/0004_01.jpg
pair_0385,n006820,n006820/0002_01.jpg,n003687,n003687/0001_01.jpg,n007440,n007440/0001_01.jpg
pair_0386,n005756,n005756/0002_02.jpg,n007754,n007754/0001_01.jpg,n007279,n007279/0001_01.jpg
pair_0387,n004077,n004077/0001_01.jpg,n003019,n003019/0001_01.jpg,n003183,n003183/0001_01.jpg
pair_0388,n008827,n008827/0003_01.jpg,n000918,n000918/0001_01.jpg,n009264,n009264/0001_01.jpg
pair_0389,n008160,n008160/0011_02.jpg,n000115,n000115/0001_01.jpg,n002555,n002555/0007_01.jpg
pair_0390,n002096,n002096/0005_02.jpg,n009177,n009177/0003_01.jpg,n006910,n006910/0001_01.jpg
pair_0391,n006990,n006990/0002_01.jpg,n004073,n004073/0005_01.jpg,n006776,n006776/0004_02.jpg
pair_0392,n003587,n003587/0001_04.jpg,n000355,n000355/0001_01.jpg,n000788,n000788/0001_01.jpg
pair_0393,n000432,n000432/0001_01.jpg,n005808,n005808/0002_01.jpg,n007328,n007328/0003_01.jpg
pair_0394,n008622,n008622/0002_01.jpg,n001455,n001455/0001_01.jpg,n008887,n008887/0001_01.jpg
pair_0395,n007379,n007379/0005_01.jpg,n004605,n004605/0003_01.jpg,n002825,n002825/0001_01.jpg
pair_0396,n006473,n006473/0001_01.jpg,n002523,n002523/0001_01.jpg,n001608,n001608/0003_01.jpg
pair_0397,n005458,n005458/0004_01.jpg,n004897,n004897/0001_01.jpg,n006651,n006651/0002_01.jpg
pair_0398,n003504,n003504/0002_01.jpg,n004754,n004754/0002_01.jpg,n001847,n001847/0004_01.jpg
pair_0399,n002965,n002965/0001_01.jpg,n001595,n001595/0001_02.jpg,n000921,n000921/0001_01.jpg
pair_0400,n003068,n003068/0005_01.jpg,n007798,n007798/0003_01.jpg,n001869,n001869/0002_02.jpg
pair_0401,n007396,n007396/0001_01.jpg,n005969,n005969/0002_01.jpg,n002204,n002204/0001_01.jpg
pair_0402,n006759,n006759/0003_01.jpg,n002836,n002836/0001_01.jpg,n003213,n003213/0003_01.jpg
pair_0403,n003722,n003722/0001_01.jpg,n003505,n003505/0001_01.jpg,n007986,n007986/0001_01.jpg
pair_0404,n002212,n002212/0004_01.jpg,n002040,n002040/0001_01.jpg,n007669,n007669/0001_01.jpg
pair_0405,n008318,n008318/0002_01.jpg,n000841,n000841/0001_02.jpg,n005999,n005999/0009_01.jpg
pair_0406,n005050,n005050/0003_01.jpg,n006413,n006413/0001_01.jpg,n004433,n004433/0001_01.jpg
pair_0407,n006633,n006633/0015_01.jpg,n005111,n005111/0001_01.jpg,n006824,n006824/0001_01.jpg
pair_0408,n009074,n009074/0004_01.jpg,n002338,n002338/0001_01.jpg,n007683,n007683/0002_01.jpg
pair_0409,n001572,n001572/0001_01.jpg,n005570,n005570/0001_01.jpg,n002434,n002434/0002_01.jpg
pair_0410,n001503,n001503/0001_01.jpg,n000985,n000985/0003_01.jpg,n000819,n000819/0001_01.jpg
pair_0411,n001701,n001701/0003_01.jpg,n000251,n000251/0003_01.jpg,n006652,n006652/0003_01.jpg
pair_0412,n003562,n003562/0004_01.jpg,n006177,n006177/0002_02.jpg,n006968,n006968/0001_01.jpg
pair_0413,n002641,n002641/0001_01.jpg,n008659,n008659/0002_01.jpg,n004617,n004617/0001_01.jpg
pair_0414,n007196,n007196/0001_01.jpg,n007158,n007158/0004_01.jpg,n000440,n000440/0004_01.jpg
pair_0415,n004319,n004319/0002_01.jpg,n001430,n001430/0001_01.jpg,n008680,n008680/0001_01.jpg
pair_0416,n008480,n008480/0001_02.jpg,n008188,n008188/0001_01.jpg,n007547,n007547/0012_01.jpg
pair_0417,n005838,n005838/0001_01.jpg,n002516,n002516/0003_01.jpg,n003633,n003633/0002_01.jpg
pair_0418,n001724,n001724/0003_01.jpg,n005813,n005813/0002_01.jpg,n008575,n008575/0012_01.jpg
pair_0419,n001849,n001849/0001_01.jpg,n006243,n006243/0001_01.jpg,n004303,n004303/0001_01.jpg
pair_0420,n005075,n005075/0002_01.jpg,n007481,n007481/0001_01.jpg,n001392,n001392/0004_01.jpg
pair_0421,n000132,n000132/0002_01.jpg,n005497,n005497/0002_01.jpg,n007609,n007609/0002_01.jpg
pair_0422,n004295,n004295/0001_01.jpg,n002197,n002197/0001_01.jpg,n007583,n007583/0001_01.jpg
pair_0423,n002239,n002239/0002_01.jpg,n006655,n006655/0001_02.jpg,n006036,n006036/0001_01.jpg
pair_0424,n000232,n000232/0002_01.jpg,n002711,n002711/0001_01.jpg,n008598,n008598/0002_02.jpg
pair_0425,n003237,n003237/0003_01.jpg,n002334,n002334/0001_01.jpg,n003876,n003876/0002_01.jpg
pair_0426,n002003,n002003/0001_01.jpg,n003453,n003453/0002_01.jpg,n009075,n009075/0002_01.jpg
pair_0427,n002287,n002287/0001_01.jpg,n002050,n002050/0001_01.jpg,n001533,n001533/0001_01.jpg
pair_0428,n003521,n003521/0002_01.jpg,n008023,n008023/0002_01.jpg,n002221,n002221/0001_01.jpg
pair_0429,n005203,n005203/0001_01.jpg,n003545,n003545/0001_01.jpg,n005193,n005193/0005_01.jpg
pair_0430,n001727,n001727/0001_01.jpg,n007750,n007750/0002_01.jpg,n002398,n002398/0001_01.jpg
pair_0431,n001873,n001873/0002_01.jpg,n007973,n007973/0003_01.jpg,n006946,n006946/0001_01.jpg
pair_0432,n006692,n006692/0001_01.jpg,n003273,n003273/0001_01.jpg,n008511,n008511/0002_01.jpg
pair_0433,n008011,n008011/0001_01.jpg,n008569,n008569/0003_01.jpg,n002328,n002328/0002_01.jpg
pair_0434,n006365,n006365/0001_01.jpg,n003897,n003897/0001_01.jpg,n004120,n004120/0001_01.jpg
pair_0435,n008705,n008705/0005_01.jpg,n008529,n008529/0002_01.jpg,n003557,n003557/0001_01.jpg
pair_0436,n007605,n007605/0001_01.jpg,n005894,n005894/0001_01.jpg,n002560,n002560/0003_01.jpg
pair_0437,n000479,n000479/0001_02.jpg,n006675,n006675/0001_01.jpg,n000974,n000974/0001_01.jpg
pair_0438,n007015,n007015/0002_01.jpg,n000991,n000991/0001_02.jpg,n006381,n006381/0003_01.jpg
pair_0439,n006584,n006584/0003_01.jpg,n003226,n003226/0001_01.jpg,n007540,n007540/0001_01.jpg
pair_0440,n002629,n002629/0001_01.jpg,n003071,n003071/0001_01.jpg,n007239,n007239/0001_01.jpg
pair_0441,n008022,n008022/0001_01.jpg,n004133,n004133/0001_01.jpg,n006147,n006147/0002_01.jpg
pair_0442,n005113,n005113/0010_01.jpg,n007230,n007230/0001_01.jpg,n002171,n002171/0001_01.jpg
pair_0443,n008785,n008785/0003_01.jpg,n003030,n003030/0001_01.jpg,n001208,n001208/0002_01.jpg
pair_0444,n006924,n006924/0005_02.jpg,n001844,n001844/0002_01.jpg,n006310,n006310/0001_01.jpg
pair_0445,n001886,n001886/0001_01.jpg,n001354,n001354/0002_01.jpg,n003651,n003651/0001_01.jpg
pair_0446,n000570,n000570/0003_01.jpg,n009008,n009008/0001_01.jpg,n005375,n005375/0005_01.jpg
pair_0447,n002269,n002269/0007_02.jpg,n003997,n003997/0001_01.jpg,n001633,n001633/0001_01.jpg
pair_0448,n006551,n006551/0001_01.jpg,n006169,n006169/0002_01.jpg,n003039,n003039/0001_01.jpg
pair_0449,n008808,n008808/0003_01.jpg,n004985,n004985/0007_01.jpg,n000190,n000190/0007_01.jpg
pair_0450,n005658,n005658/0005_01.jpg,n000622,n000622/0001_01.jpg,n002401,n002401/0004_01.jpg
pair_0451,n001895,n001895/0002_02.jpg,n002699,n002699/0001_01.jpg,n003787,n003787/0001_01.jpg
pair_0452,n007715,n007715/0001_03.jpg,n002326,n002326/0002_01.jpg,n002178,n002178/0001_01.jpg
pair_0453,n000931,n000931/0003_01.jpg,n008455,n008455/0001_01.jpg,n000344,n000344/0002_01.jpg
pair_0454,n008452,n008452/0001_01.jpg,n006426,n006426/0001_01.jpg,n007377,n007377/0001_01.jpg
pair_0455,n002113,n002113/0002_01.jpg,n005511,n005511/0002_01.jpg,n002927,n002927/0003_01.jpg
pair_0456,n000927,n000927/0001_01.jpg,n004097,n004097/0005_01.jpg,n004963,n004963/0008_01.jpg
pair_0457,n004432,n004432/0001_01.jpg,n008572,n008572/0001_01.jpg,n001570,n001570/0003_01.jpg
pair_0458,n006031,n006031/0002_01.jpg,n002976,n002976/0001_01.jpg,n001095,n001095/0002_01.jpg
pair_0459,n000356,n000356/0001_01.jpg,n006974,n006974/0001_01.jpg,n008679,n008679/0008_01.jpg
pair_0460,n002937,n002937/0009_01.jpg,n002173,n002173/0005_01.jpg,n009086,n009086/0002_01.jpg
pair_0461,n003238,n003238/0003_03.jpg,n004055,n004055/0002_01.jpg,n006903,n006903/0001_01.jpg
pair_0462,n008492,n008492/0002_01.jpg,n000866,n000866/0001_01.jpg,n005161,n005161/0001_01.jpg
pair_0463,n005469,n005469/0001_01.jpg,n006484,n006484/0003_01.jpg,n008421,n008421/0001_01.jpg
pair_0464,n006291,n006291/0001_01.jpg,n008304,n008304/0030_01.jpg,n005274,n005274/0003_01.jpg
pair_0465,n000046,n000046/0001_02.jpg,n000537,n000537/0001_01.jpg,n000873,n000873/0002_01.jpg
pair_0466,n002122,n002122/0001_01.jpg,n008360,n008360/0011_01.jpg,n003616,n003616/0001_01.jpg
pair_0467,n000812,n000812/0001_01.jpg,n006465,n006465/0001_01.jpg,n007403,n007403/0001_01.jpg
pair_0468,n000753,n000753/0003_01.jpg,n005990,n005990/0002_01.jpg,n008090,n008090/0004_01.jpg
pair_0469,n006749,n006749/0001_02.jpg,n007483,n007483/0001_01.jpg,n004321,n004321/0001_01.jpg
pair_0470,n006884,n006884/0003_01.jpg,n006545,n006545/0002_01.jpg,n005553,n005553/0004_01.jpg
pair_0471,n002705,n002705/0001_01.jpg,n004162,n004162/0003_01.jpg,n005431,n005431/0001_01.jpg
pair_0472,n008376,n008376/0001_01.jpg,n003538,n003538/0001_01.jpg,n001560,n001560/0001_01.jpg
pair_0473,n005965,n005965/0001_01.jpg,n009144,n009144/0002_01.jpg,n008857,n008857/0002_01.jpg
pair_0474,n001821,n001821/0002_01.jpg,n009188,n009188/0002_01.jpg,n004916,n004916/0003_01.jpg
pair_0475,n004781,n004781/0001_01.jpg,n008096,n008096/0001_01.jpg,n005140,n005140/0001_02.jpg
pair_0476,n008191,n008191/0001_01.jpg,n003339,n003339/0001_01.jpg,n005246,n005246/0005_01.jpg
pair_0477,n000074,n000074/0002_01.jpg,n002787,n002787/0003_01.jpg,n000334,n000334/0001_02.jpg
pair_0478,n008400,n008400/0001_01.jpg,n003172,n003172/0001_01.jpg,n001508,n001508/0001_01.jpg
pair_0479,n008453,n008453/0004_01.jpg,n007016,n007016/0002_02.jpg,n006769,n006769/0004_01.jpg
pair_0480,n001770,n001770/0001_01.jpg,n003251,n003251/0003_01.jpg,n009195,n009195/0002_01.jpg
pair_0481,n001910,n001910/0002_01.jpg,n006029,n006029/0001_01.jpg,n006483,n006483/0002_01.jpg
pair_0482,n008380,n008380/0001_01.jpg,n003388,n003388/0001_01.jpg,n007131,n007131/0001_01.jpg
pair_0483,n005679,n005679/0001_01.jpg,n001344,n001344/0001_01.jpg,n003501,n003501/0001_01.jpg
pair_0484,n005742,n005742/0003_01.jpg,n000093,n000093/0006_01.jpg,n003860,n003860/0001_01.jpg
pair_0485,n008792,n008792/0001_01.jpg,n008848,n008848/0001_01.jpg,n005295,n005295/0001_01.jpg
pair_0486,n006811,n006811/0002_01.jpg,n000937,n000937/0003_01.jpg,n003151,n003151/0001_01.jpg
pair_0487,n000966,n000966/0001_01.jpg,n004829,n004829/0001_01.jpg,n007981,n007981/0001_01.jpg
pair_0488,n006654,n006654/0002_01.jpg,n004569,n004569/0001_01.jpg,n001814,n001814/0003_01.jpg
pair_0489,n000414,n000414/0011_01.jpg,n006519,n006519/0001_01.jpg,n004601,n004601/0001_01.jpg
pair_0490,n009108,n009108/0001_01.jpg,n006262,n006262/0001_01.jpg,n008403,n008403/0038_01.jpg
pair_0491,n006948,n006948/0001_01.jpg,n004496,n004496/0001_01.jpg,n000967,n000967/0003_01.jpg
pair_0492,n000853,n000853/0002_01.jpg,n006436,n006436/0004_01.jpg,n001686,n001686/0002_01.jpg
pair_0493,n000036,n000036/0001_01.jpg,n000964,n000964/0001_01.jpg,n000298,n000298/0001_01.jpg
pair_0494,n004018,n004018/0002_01.jpg,n006394,n006394/0001_01.jpg,n007024,n007024/0004_01.jpg
pair_0495,n004413,n004413/0001_01.jpg,n009035,n009035/0001_01.jpg,n000507,n000507/0001_01.jpg
pair_0496,n006755,n006755/0005_02.jpg,n004193,n004193/0001_01.jpg,n005212,n005212/0001_01.jpg
pair_0497,n007178,n007178/0001_01.jpg,n006281,n006281/0001_02.jpg,n004337,n004337/0001_01.jpg
pair_0498,n008783,n008783/0002_01.jpg,n008741,n008741/0001_01.jpg,n004352,n004352/0001_01.jpg
pair_0499,n008644,n008644/0001_01.jpg,n006348,n006348/0003_01.jpg,n002037,n002037/0001_02.jpg
pair_0500,n004845,n004845/0003_01.jpg,n006259,n006259/0002_01.jpg,n002028,n002028/0001_02.jpg
pair_0501,n004457,n004457/0001_01.jpg,n000587,n000587/0001_01.jpg,n001499,n001499/0001_01.jpg
pair_0502,n007061,n007061/0002_01.jpg,n005747,n005747/0001_01.jpg,n001069,n001069/0001_01.jpg
pair_0503,n004612,n004612/0006_01.jpg,n000893,n000893/0001_01.jpg,n003835,n003835/0006_01.jpg
pair_0504,n008145,n008145/0001_01.jpg,n008838,n008838/0001_01.jpg,n004585,n004585/0001_02.jpg
pair_0505,n001682,n001682/0001_01.jpg,n005003,n005003/0002_01.jpg,n005991,n005991/0001_01.jpg
pair_0506,n004827,n004827/0001_01.jpg,n004611,n004611/0006_01.jpg,n007844,n007844/0003_01.jpg
pair_0507,n007526,n007526/0001_01.jpg,n008955,n008955/0001_01.jpg,n001097,n001097/0001_01.jpg
pair_0508,n006845,n006845/0002_01.jpg,n004936,n004936/0001_01.jpg,n003174,n003174/0001_01.jpg
pair_0509,n004508,n004508/0001_01.jpg,n009191,n009191/0002_01.jpg,n006427,n006427/0001_01.jpg
pair_0510,n003426,n003426/0001_01.jpg,n002184,n002184/0001_01.jpg,n009143,n009143/0007_01.jpg
pair_0511,n006503,n006503/0001_01.jpg,n006461,n006461/0001_01.jpg,n004759,n004759/0006_01.jpg
pair_0512,n004176,n004176/0003_02.jpg,n008409,n008409/0002_01.jpg,n008302,n008302/0003_01.jpg
pair_0513,n007360,n007360/0001_01.jpg,n001852,n001852/0002_01.jpg,n007788,n007788/0003_01.jpg
pair_0514,n001399,n001399/0003_01.jpg,n007308,n007308/0003_01.jpg,n001294,n001294/0004_01.jpg
pair_0515,n001812,n001812/0003_01.jpg,n005803,n005803/0001_01.jpg,n009127,n009127/0001_01.jpg
pair_0516,n000243,n000243/0002_01.jpg,n006822,n006822/0002_01.jpg,n000319,n000319/0007_01.jpg
pair_0517,n000757,n000757/0004_01.jpg,n007002,n007002/0003_01.jpg,n002480,n002480/0004_01.jpg
pair_0518,n000127,n000127/0001_01.jpg,n007019,n007019/0021_01.jpg,n009133,n009133/0001_01.jpg
pair_0519,n002285,n002285/0001_01.jpg,n000296,n000296/0001_01.jpg,n002238,n002238/0002_01.jpg
pair_0520,n005243,n005243/0003_01.jpg,n001048,n001048/0003_01.jpg,n005938,n005938/0001_01.jpg
pair_0521,n005842,n005842/0001_01.jpg,n006161,n006161/0001_01.jpg,n000765,n000765/0001_01.jpg
pair_0522,n005248,n005248/0002_01.jpg,n000179,n000179/0001_01.jpg,n004248,n004248/0002_01.jpg
pair_0523,n003965,n003965/0001_01.jpg,n000787,n000787/0003_01.jpg,n009018,n009018/0003_01.jpg
pair_0524,n000337,n000337/0003_01.jpg,n002702,n002702/0003_01.jpg,n007821,n007821/0001_01.jpg
pair_0525,n006479,n006479/0001_01.jpg,n003413,n003413/0001_01.jpg,n004506,n004506/0001_01.jpg
pair_0526,n003983,n003983/0001_01.jpg,n001642,n001642/0001_01.jpg,n006954,n006954/0001_01.jpg
pair_0527,n002139,n002139/0001_01.jpg,n000506,n000506/0003_01.jpg,n004130,n004130/0002_01.jpg
pair_0528,n003211,n003211/0002_01.jpg,n004026,n004026/0001_02.jpg,n005884,n005884/0003_01.jpg
pair_0529,n006508,n006508/0003_02.jpg,n005913,n005913/0003_01.jpg,n004041,n004041/0003_01.jpg
pair_0530,n004152,n004152/0001_01.jpg,n006406,n006406/0001_01.jpg,n009007,n009007/0001_01.jpg
pair_0531,n004725,n004725/0001_01.jpg,n002967,n002967/0001_01.jpg,n004729,n004729/0006_01.jpg
pair_0532,n001348,n001348/0003_01.jpg,n003747,n003747/0001_01.jpg,n008769,n008769/0001_01.jpg
pair_0533,n000592,n000592/0001_01.jpg,n004954,n004954/0001_01.jpg,n003534,n003534/0001_01.jpg
pair_0534,n003435,n003435/0002_01.jpg,n002160,n002160/0001_01.jpg,n004749,n004749/0002_01.jpg
pair_0535,n006062,n006062/0001_01.jpg,n004031,n004031/0001_01.jpg,n008127,n008127/0001_01.jpg
pair_0536,n005298,n005298/0001_01.jpg,n005386,n005386/0001_01.jpg,n007552,n007552/0001_01.jpg
pair_0537,n000257,n000257/0003_01.jpg,n008718,n008718/0001_01.jpg,n000393,n000393/0001_02.jpg
pair_0538,n004299,n004299/0001_01.jpg,n002047,n002047/0001_01.jpg,n005555,n005555/0004_01.jpg
pair_0539,n005861,n005861/0002_01.jpg,n006340,n006340/0002_01.jpg,n007249,n007249/0023_01.jpg
pair_0540,n003559,n003559/0005_01.jpg,n003785,n003785/0001_01.jpg,n008383,n008383/0002_01.jpg
pair_0541,n008818,n008818/0001_01.jpg,n004430,n004430/0001_01.jpg,n008016,n008016/0002_01.jpg
pair_0542,n008477,n008477/0001_01.jpg,n005127,n005127/0001_01.jpg,n002603,n002603/0001_01.jpg
pair_0543,n005025,n005025/0004_01.jpg,n008965,n008965/0001_01.jpg,n006375,n006375/0004_01.jpg
pair_0544,n006876,n006876/0007_01.jpg,n008897,n008897/0003_01.jpg,n005531,n005531/0002_01.jpg
pair_0545,n002465,n002465/0001_01.jpg,n001640,n001640/0001_01.jpg,n001558,n001558/0004_01.jpg
pair_0546,n008185,n008185/0001_01.jpg,n003370,n003370/0001_02.jpg,n005528,n005528/0004_01.jpg
pair_0547,n000371,n000371/0007_01.jpg,n000662,n000662/0001_01.jpg,n001214,n001214/0003_01.jpg
pair_0548,n004422,n004422/0001_01.jpg,n007536,n007536/0001_01.jpg,n007466,n007466/0001_01.jpg
pair_0549,n006476,n006476/0005_01.jpg,n001880,n001880/0004_01.jpg,n003012,n003012/0003_01.jpg
pair_0550,n006779,n006779/0001_01.jpg,n008836,n008836/0001_01.jpg,n000003,n000003/0001_01.jpg
pair_0551,n004785,n004785/0002_01.jpg,n006546,n006546/0003_01.jpg,n008285,n008285/0001_01.jpg
pair_0552,n006667,n006667/0027_01.jpg,n008352,n008352/0001_01.jpg,n004751,n004751/0001_01.jpg
pair_0553,n005663,n005663/0001_01.jpg,n006549,n006549/0004_01.jpg,n000163,n000163/0001_01.jpg
pair_0554,n001055,n001055/0005_01.jpg,n002905,n002905/0001_01.jpg,n005374,n005374/0002_01.jpg
pair_0555,n001284,n001284/0001_01.jpg,n000402,n000402/0001_02.jpg,n004921,n004921/0015_01.jpg
pair_0556,n008735,n008735/0003_01.jpg,n005665,n005665/0003_03.jpg,n001017,n001017/0006_01.jpg
pair_0557,n004610,n004610/0001_01.jpg,n007728,n007728/0001_01.jpg,n004504,n004504/0001_01.jpg
pair_0558,n002281,n002281/0002_01.jpg,n006416,n006416/0003_01.jpg,n007871,n007871/0002_01.jpg
pair_0559,n001882,n001882/0001_01.jpg,n001225,n001225/0001_01.jpg,n005575,n005575/0001_01.jpg
pair_0560,n004934,n004934/0002_01.jpg,n000154,n000154/0002_01.jpg,n007372,n007372/0001_01.jpg
pair_0561,n005109,n005109/0001_01.jpg,n000693,n000693/0001_01.jpg,n000852,n000852/0001_01.jpg
pair_0562,n007559,n007559/0001_01.jpg,n004190,n004190/0001_01.jpg,n007252,n007252/0001_01.jpg
pair_0563,n000212,n000212/0001_01.jpg,n005847,n005847/0001_01.jpg,n002296,n002296/0002_01.jpg
pair_0564,n008900,n008900/0001_01.jpg,n009013,n009013/0002_01.jpg,n007901,n007901/0002_01.jpg
pair_0565,n002377,n002377/0003_01.jpg,n003849,n003849/0003_01.jpg,n003171,n003171/0001_01.jpg
pair_0566,n004863,n004863/0001_01.jpg,n008976,n008976/0001_01.jpg,n001940,n001940/0005_01.jpg
pair_0567,n001379,n001379/0002_01.jpg,n001907,n001907/0001_01.jpg,n002186,n002186/0001_01.jpg
pair_0568,n000119,n000119/0002_01.jpg,n001149,n001149/0002_01.jpg,n004572,n004572/0002_01.jpg
pair_0569,n005770,n005770/0001_01.jpg,n001555,n001555/0001_01.jpg,n008356,n008356/0002_01.jpg
pair_0570,n001070,n001070/0001_01.jpg,n004657,n004657/0001_01.jpg,n002652,n002652/0003_01.jpg
pair_0571,n004091,n004091/0002_01.jpg,n006986,n006986/0007_01.jpg,n006438,n006438/0003_01.jpg
pair_0572,n002752,n002752/0001_01.jpg,n002247,n002247/0002_01.jpg,n002308,n002308/0002_01.jpg
pair_0573,n000045,n000045/0001_01.jpg,n003888,n003888/0001_01.jpg,n002730,n002730/0003_01.jpg
pair_0574,n000603,n000603/0001_01.jpg,n002354,n002354/0003_01.jpg,n003842,n003842/0001_01.jpg
pair_0575,n005618,n005618/0001_01.jpg,n001188,n001188/0002_01.jpg,n001694,n001694/0001_01.jpg
pair_0576,n004692,n004692/0001_01.jpg,n001275,n001275/0002_01.jpg,n004165,n004165/0002_01.jpg
pair_0577,n003473,n003473/0001_01.jpg,n007620,n007620/0001_01.jpg,n003586,n003586/0001_01.jpg
pair_0578,n000501,n000501/0002_01.jpg,n008873,n008873/0004_01.jpg,n000350,n000350/0001_02.jpg
pair_0579,n008200,n008200/0005_01.jpg,n000451,n000451/0001_01.jpg,n001631,n001631/0003_01.jpg
pair_0580,n001795,n001795/0001_02.jpg,n005705,n005705/0001_01.jpg,n003669,n003669/0006_01.jpg
pair_0581,n005789,n005789/0002_01.jpg,n007437,n007437/0002_01.jpg,n008233,n008233/0001_01.jpg
pair_0582,n002782,n002782/0002_01.jpg,n006080,n006080/0001_01.jpg,n000283,n000283/0001_01.jpg
pair_0583,n005017,n005017/0001_01.jpg,n000718,n000718/0001_01.jpg,n000385,n000385/0003_01.jpg
pair_0584,n000061,n000061/0001_01.jpg,n001335,n001335/0002_02.jpg,n001919,n001919/0001_01.jpg
pair_0585,n002312,n002312/0005_01.jpg,n008628,n008628/0002_01.jpg,n002666,n002666/0002_01.jpg
pair_0586,n009058,n009058/0007_01.jpg,n003320,n003320/0003_01.jpg,n006895,n006895/0003_01.jpg
pair_0587,n007902,n007902/0002_01.jpg,n000335,n000335/0004_01.jpg,n004895,n004895/0002_01.jpg
pair_0588,n008370,n008370/0001_01.jpg,n006178,n006178/0011_01.jpg,n000398,n000398/0001_01.jpg
pair_0589,n002899,n002899/0005_01.jpg,n004173,n004173/0002_01.jpg,n009078,n009078/0001_01.jpg
pair_0590,n001204,n001204/0001_01.jpg,n000911,n000911/0002_01.jpg,n001715,n001715/0001_01.jpg
pair_0591,n006238,n006238/0002_01.jpg,n000496,n000496/0001_01.jpg,n008100,n008100/0001_01.jpg
pair_0592,n007163,n007163/0001_01.jpg,n002608,n002608/0001_01.jpg,n004750,n004750/0001_01.jpg
pair_0593,n005395,n005395/0001_01.jpg,n001733,n001733/0002_01.jpg,n004927,n004927/0001_01.jpg
pair_0594,n006571,n006571/0002_01.jpg,n008896,n008896/0001_01.jpg,n002444,n002444/0002_02.jpg
pair_0595,n006039,n006039/0001_01.jpg,n008009,n008009/0002_02.jpg,n006228,n006228/0001_01.jpg
pair_0596,n001663,n001663/0002_01.jpg,n001142,n001142/0001_01.jpg,n001762,n001762/0004_01.jpg
pair_0597,n005465,n005465/0001_01.jpg,n004899,n004899/0001_01.jpg,n004168,n004168/0002_01.jpg
pair_0598,n002776,n002776/0003_01.jpg,n008606,n008606/0001_01.jpg,n000940,n000940/0001_03.jpg
pair_0599,n004576,n004576/0001_01.jpg,n002217,n002217/0001_01.jpg,n000438,n000438/0001_01.jpg
pair_0600,n000520,n000520/0001_01.jpg,n003682,n003682/0001_01.jpg,n000705,n000705/0001_01.jpg
pair_0601,n000536,n000536/0002_01.jpg,n002135,n002135/0002_01.jpg,n001973,n001973/0002_01.jpg
pair_0602,n002783,n002783/0003_01.jpg,n001944,n001944/0002_01.jpg,n003670,n003670/0002_01.jpg
pair_0603,n001780,n001780/0002_01.jpg,n007389,n007389/0005_01.jpg,n006613,n006613/0001_01.jpg
pair_0604,n007496,n007496/0001_01.jpg,n004714,n004714/0001_01.jpg,n006588,n006588/0001_01.jpg
pair_0605,n007321,n007321/0001_02.jpg,n000492,n000492/0001_01.jpg,n006384,n006384/0001_01.jpg
pair_0606,n003331,n003331/0001_01.jpg,n004623,n004623/0002_01.jpg,n008294,n008294/0001_01.jpg
pair_0607,n003302,n003302/0002_02.jpg,n006878,n006878/0001_01.jpg,n008663,n008663/0001_01.jpg
pair_0608,n000294,n000294/0001_01.jpg,n002357,n002357/0001_01.jpg,n007726,n007726/0001_01.jpg
pair_0609,n005750,n005750/0001_02.jpg,n003179,n003179/0003_01.jpg,n005008,n005008/0001_01.jpg
pair_0610,n006289,n006289/0002_01.jpg,n000561,n000561/0001_01.jpg,n006839,n006839/0002_01.jpg
pair_0611,n001041,n001041/0001_01.jpg,n001381,n001381/0001_01.jpg,n002462,n002462/0001_02.jpg
pair_0612,n008463,n008463/0001_01.jpg,n007685,n007685/0001_01.jpg,n008345,n008345/0001_01.jpg
pair_0613,n008555,n008555/0004_01.jpg,n005734,n005734/0001_01.jpg,n008923,n008923/0002_01.jpg
pair_0614,n003485,n003485/0001_01.jpg,n002262,n002262/0004_01.jpg,n006200,n006200/0002_01.jpg
pair_0615,n007913,n007913/0001_01.jpg,n000514,n000514/0008_01.jpg,n002132,n002132/0002_01.jpg
pair_0616,n000276,n000276/0001_01.jpg,n000660,n000660/0004_01.jpg,n006658,n006658/0001_01.jpg
pair_0617,n005975,n005975/0012_01.jpg,n006480,n006480/0002_01.jpg,n005406,n005406/0001_01.jpg
pair_0618,n008951,n008951/0002_01.jpg,n006267,n006267/0001_01.jpg,n007094,n007094/0006_01.jpg
pair_0619,n007310,n007310/0004_01.jpg,n000769,n000769/0001_01.jpg,n004833,n004833/0001_01.jpg
pair_0620,n009044,n009044/0002_01.jpg,n001509,n001509/0001_01.jpg,n001749,n001749/0001_01.jpg
pair_0621,n007523,n007523/0001_01.jpg,n005110,n005110/0001_01.jpg,n001212,n001212/0001_01.jpg
pair_0622,n002320,n002320/0001_01.jpg,n003190,n003190/0001_01.jpg,n002722,n002722/0001_01.jpg
pair_0623,n001949,n001949/0006_01.jpg,n002528,n002528/0002_01.jpg,n001610,n001610/0005_01.jpg
pair_0624,n006354,n006354/0002_01.jpg,n008617,n008617/0001_01.jpg,n004951,n004951/0001_01.jpg
pair_0625,n008292,n008292/0002_01.jpg,n000861,n000861/0003_01.jpg,n001867,n001867/0001_01.jpg
pair_0626,n003631,n003631/0001_01.jpg,n002201,n002201/0001_01.jpg,n005644,n005644/0003_01.jpg
pair_0627,n002454,n002454/0001_01.jpg,n002492,n002492/0004_01.jpg,n007376,n007376/0001_01.jpg
pair_0628,n002700,n002700/0001_01.jpg,n001829,n001829/0001_01.jpg,n007485,n007485/0001_01.jpg
pair_0629,n003177,n003177/0003_01.jpg,n009197,n009197/0003_01.jpg,n005255,n005255/0001_02.jpg
pair_0630,n007027,n007027/0001_01.jpg,n006629,n006629/0005_01.jpg,n005117,n005117/0002_01.jpg
pair_0631,n001044,n001044/0002_01.jpg,n007527,n007527/0001_01.jpg,n000675,n000675/0001_01.jpg
pair_0632,n005661,n005661/0002_01.jpg,n002048,n002048/0002_01.jpg,n003515,n003515/0004_01.jpg
pair_0633,n004381,n004381/0001_01.jpg,n001571,n001571/0001_01.jpg,n003011,n003011/0003_02.jpg
pair_0634,n008393,n008393/0002_01.jpg,n004455,n004455/0001_02.jpg,n007248,n007248/0007_01.jpg
pair_0635,n003267,n003267/0001_02.jpg,n007421,n007421/0003_01.jpg,n006213,n006213/0002_01.jpg
pair_0636,n000077,n000077/0001_01.jpg,n007404,n007404/0001_01.jpg,n003957,n003957/0001_01.jpg
pair_0637,n000482,n000482/0001_01.jpg,n007283,n007283/0001_01.jpg,n004288,n004288/0002_01.jpg
pair_0638,n000199,n000199/0002_01.jpg,n003043,n003043/0001_01.jpg,n008377,n008377/0001_01.jpg
pair_0639,n004721,n004721/0003_01.jpg,n000197,n000197/0002_01.jpg,n002302,n002302/0002_01.jpg
pair_0640,n005281,n005281/0001_01.jpg,n006188,n006188/0003_01.jpg,n008243,n008243/0003_01.jpg
pair_0641,n008652,n008652/0001_01.jpg,n004122,n004122/0004_01.jpg,n002315,n002315/0002_01.jpg
pair_0642,n005933,n005933/0001_01.jpg,n001065,n001065/0002_01.jpg,n008992,n008992/0001_01.jpg
pair_0643,n006330,n006330/0003_01.jpg,n004522,n004522/0031_01.jpg,n000033,n000033/0002_01.jpg
pair_0644,n005385,n005385/0002_01.jpg,n002371,n002371/0001_01.jpg,n000025,n000025/0001_01.jpg
pair_0645,n001469,n001469/0001_01.jpg,n006819,n006819/0003_01.jpg,n007937,n007937/0004_01.jpg
pair_0646,n001029,n001029/0001_01.jpg,n004888,n004888/0001_01.jpg,n007512,n007512/0001_01.jpg
pair_0647,n001871,n001871/0003_01.jpg,n005166,n005166/0002_01.jpg,n001796,n001796/0005_01.jpg
pair_0648,n003074,n003074/0001_01.jpg,n005536,n005536/0007_01.jpg,n004879,n004879/0001_01.jpg
pair_0649,n002982,n002982/0001_01.jpg,n007386,n007386/0007_01.jpg,n007757,n007757/0004_01.jpg
pair_0650,n004100,n004100/0002_01.jpg,n007216,n007216/0001_01.jpg,n006086,n006086/0003_01.jpg
pair_0651,n000466,n000466/0001_02.jpg,n006908,n006908/0002_01.jpg,n006768,n006768/0015_01.jpg
pair_0652,n002830,n002830/0005_01.jpg,n006459,n006459/0005_01.jpg,n006068,n006068/0002_01.jpg
pair_0653,n003494,n003494/0001_01.jpg,n002485,n002485/0001_01.jpg,n005030,n005030/0002_01.jpg
pair_0654,n000697,n000697/0001_01.jpg,n006047,n006047/0001_01.jpg,n008781,n008781/0001_01.jpg
pair_0655,n005085,n005085/0006_01.jpg,n004597,n004597/0001_01.jpg,n006014,n006014/0001_01.jpg
pair_0656,n003572,n003572/0001_02.jpg,n006575,n006575/0003_01.jpg,n007354,n007354/0001_01.jpg
pair_0657,n007659,n007659/0001_01.jpg,n007028,n007028/0001_01.jpg,n000428,n000428/0001_02.jpg
pair_0658,n003993,n003993/0001_01.jpg,n002909,n002909/0001_01.jpg,n007997,n007997/0001_01.jpg
pair_0659,n004647,n004647/0001_01.jpg,n008841,n008841/0001_01.jpg,n008006,n008006/0002_01.jpg
pair_0660,n000123,n000123/0005_01.jpg,n005062,n005062/0001_01.jpg,n008073,n008073/0001_01.jpg
pair_0661,n002502,n002502/0001_01.jpg,n005416,n005416/0001_01.jpg,n007953,n007953/0001_01.jpg
pair_0662,n007653,n007653/0001_01.jpg,n001444,n001444/0001_01.jpg,n005186,n005186/0003_01.jpg
pair_0663,n001654,n001654/0001_01.jpg,n007057,n007057/0001_01.jpg,n001006,n001006/0001_01.jpg
pair_0664,n005404,n005404/0005_01.jpg,n000118,n000118/0001_01.jpg,n009250,n009250/0003_01.jpg
pair_0665,n003889,n003889/0004_01.jpg,n004402,n004402/0002_01.jpg,n008960,n008960/0004_01.jpg
pair_0666,n000096,n000096/0002_01.jpg,n007576,n007576/0003_01.jpg,n000194,n000194/0002_01.jpg
pair_0667,n000134,n000134/0002_01.jpg,n006611,n006611/0001_01.jpg,n001630,n001630/0005_01.jpg
pair_0668,n004862,n004862/0003_01.jpg,n002407,n002407/0003_01.jpg,n007809,n007809/0001_03.jpg
pair_0669,n001222,n001222/0005_01.jpg,n008515,n008515/0002_01.jpg,n006873,n006873/0001_01.jpg
pair_0670,n005691,n005691/0001_01.jpg,n005077,n005077/0001_01.jpg,n005058,n005058/0005_01.jpg
pair_0671,n004742,n004742/0001_01.jpg,n000135,n000135/0001_01.jpg,n003367,n003367/0003_01.jpg
pair_0672,n004158,n004158/0001_01.jpg,n006610,n006610/0001_02.jpg,n000006,n000006/0001_01.jpg
pair_0673,n003109,n003109/0001_01.jpg,n003778,n003778/0002_01.jpg,n002392,n002392/0001_01.jpg
pair_0674,n008961,n008961/0001_01.jpg,n006949,n006949/0001_01.jpg,n008242,n008242/0001_02.jpg
pair_0675,n002251,n002251/0001_01.jpg,n007334,n007334/0001_01.jpg,n000567,n000567/0002_01.jpg
pair_0676,n007773,n007773/0018_01.jpg,n003150,n003150/0003_01.jpg,n007352,n007352/0007_01.jpg
pair_0677,n003431,n003431/0001_01.jpg,n008499,n008499/0001_01.jpg,n005712,n005712/0004_01.jpg
pair_0678,n006180,n006180/0001_01.jpg,n004006,n004006/0002_01.jpg,n005809,n005809/0001_01.jpg
pair_0679,n006718,n006718/0001_01.jpg,n007666,n007666/0003_01.jpg,n004033,n004033/0001_01.jpg
pair_0680,n006861,n006861/0001_01.jpg,n001474,n001474/0001_01.jpg,n008129,n008129/0001_01.jpg
pair_0681,n000312,n000312/0002_02.jpg,n006683,n006683/0001_01.jpg,n004763,n004763/0002_03.jpg
pair_0682,n000242,n000242/0002_01.jpg,n008969,n008969/0001_01.jpg,n005928,n005928/0001_01.jpg
pair_0683,n001569,n001569/0002_01.jpg,n004972,n004972/0001_01.jpg,n002734,n002734/0007_01.jpg
pair_0684,n000487,n000487/0003_01.jpg,n001607,n001607/0002_01.jpg,n004649,n004649/0001_01.jpg
pair_0685,n009257,n009257/0002_02.jpg,n001375,n001375/0001_02.jpg,n004630,n004630/0001_01.jpg
pair_0686,n001916,n001916/0001_01.jpg,n006174,n006174/0001_01.jpg,n006736,n006736/0001_01.jpg
pair_0687,n005011,n005011/0001_01.jpg,n006125,n006125/0001_01.jpg,n003944,n003944/0001_01.jpg
pair_0688,n003604,n003604/0004_01.jpg,n000563,n000563/0001_01.jpg,n007947,n007947/0001_01.jpg
pair_0689,n000781,n000781/0003_01.jpg,n002875,n002875/0001_01.jpg,n005272,n005272/0003_01.jpg
pair_0690,n003613,n003613/0001_01.jpg,n007426,n007426/0005_01.jpg,n006112,n006112/0001_01.jpg
pair_0691,n004858,n004858/0005_01.jpg,n001202,n001202/0004_01.jpg,n004521,n004521/0003_01.jpg
pair_0692,n007950,n007950/0005_01.jpg,n000445,n000445/0001_01.jpg,n009043,n009043/0001_01.jpg
pair_0693,n006373,n006373/0002_01.jpg,n000462,n000462/0001_01.jpg,n000072,n000072/0002_01.jpg
pair_0694,n006069,n006069/0001_01.jpg,n005627,n005627/0002_01.jpg,n008013,n008013/0004_01.jpg
pair_0695,n007070,n007070/0001_01.jpg,n001628,n001628/0001_01.jpg,n008381,n008381/0001_02.jpg
pair_0696,n004752,n004752/0003_01.jpg,n007494,n007494/0001_01.jpg,n005935,n005935/0001_01.jpg
pair_0697,n001198,n001198/0001_01.jpg,n005995,n005995/0002_01.jpg,n001664,n001664/0001_01.jpg
pair_0698,n003295,n003295/0001_01.jpg,n000051,n000051/0001_01.jpg,n007345,n007345/0001_01.jpg
pair_0699,n003421,n003421/0001_01.jpg,n007484,n007484/0002_01.jpg,n000303,n000303/0001_01.jpg
pair_0700,n005628,n005628/0003_01.jpg,n004493,n004493/0002_01.jpg,n004531,n004531/0006_01.jpg
pair_0701,n002701,n002701/0004_01.jpg,n004290,n004290/0001_01.jpg,n003346,n003346/0001_01.jpg
pair_0702,n001926,n001926/0002_01.jpg,n000245,n000245/0002_01.jpg,n002004,n002004/0001_01.jpg
pair_0703,n000267,n000267/0001_01.jpg,n001769,n001769/0001_01.jpg,n003845,n003845/0001_01.jpg
pair_0704,n002460,n002460/0001_01.jpg,n001531,n001531/0001_01.jpg,n000730,n000730/0002_01.jpg
pair_0705,n005211,n005211/0008_01.jpg,n005455,n005455/0002_01.jpg,n001162,n001162/0001_01.jpg
pair_0706,n003830,n003830/0005_01.jpg,n006006,n006006/0001_01.jpg,n007918,n007918/0001_01.jpg
pair_0707,n006515,n006515/0001_01.jpg,n000627,n000627/0001_02.jpg,n008050,n008050/0001_01.jpg
pair_0708,n008952,n008952/0002_01.jpg,n009272,n009272/0003_01.jpg,n003979,n003979/0001_01.jpg
pair_0709,n005533,n005533/0001_01.jpg,n006276,n006276/0001_01.jpg,n006064,n006064/0001_01.jpg
pair_0710,n001437,n001437/0001_01.jpg,n008855,n008855/0002_01.jpg,n007384,n007384/0001_01.jpg
pair_0711,n005199,n005199/0001_02.jpg,n001371,n001371/0003_01.jpg,n008193,n008193/0003_01.jpg
pair_0712,n004855,n004855/0001_01.jpg,n000530,n000530/0002_01.jpg,n005548,n005548/0001_01.jpg
pair_0713,n003937,n003937/0001_01.jpg,n000121,n000121/0003_01.jpg,n006067,n006067/0002_01.jpg
pair_0714,n005589,n005589/0001_01.jpg,n004551,n004551/0001_01.jpg,n000963,n000963/0011_01.jpg
pair_0715,n005223,n005223/0001_01.jpg,n007209,n007209/0005_02.jpg,n006563,n006563/0001_01.jpg
pair_0716,n009048,n009048/0002_01.jpg,n009117,n009117/0001_01.jpg,n008901,n008901/0001_01.jpg
pair_0717,n002657,n002657/0001_01.jpg,n006162,n006162/0002_01.jpg,n006358,n006358/0001_01.jpg
pair_0718,n005333,n005333/0001_01.jpg,n001666,n001666/0001_01.jpg,n004722,n004722/0004_01.jpg
pair_0719,n000810,n000810/0001_01.jpg,n005998,n005998/0001_01.jpg,n004969,n004969/0001_01.jpg
pair_0720,n006139,n006139/0004_01.jpg,n008508,n008508/0001_01.jpg,n007619,n007619/0004_01.jpg
pair_0721,n000109,n000109/0001_01.jpg,n002948,n002948/0002_01.jpg,n000375,n000375/0001_01.jpg
pair_0722,n005632,n005632/0001_01.jpg,n004119,n004119/0003_01.jpg,n001246,n001246/0001_01.jpg
pair_0723,n006343,n006343/0001_01.jpg,n000509,n000509/0004_01.jpg,n008158,n008158/0009_01.jpg
pair_0724,n008879,n008879/0001_01.jpg,n008495,n008495/0001_03.jpg,n003269,n003269/0002_01.jpg
pair_0725,n002335,n002335/0001_01.jpg,n006885,n006885/0001_01.jpg,n003700,n003700/0001_01.jpg
pair_0726,n002531,n002531/0001_01.jpg,n009087,n009087/0001_01.jpg,n006935,n006935/0001_01.jpg
pair_0727,n008713,n008713/0001_01.jpg,n003398,n003398/0001_01.jpg,n002661,n002661/0001_01.jpg
pair_0728,n005732,n005732/0001_01.jpg,n006615,n006615/0003_01.jpg,n008788,n008788/0001_01.jpg
pair_0729,n006016,n006016/0003_01.jpg,n000970,n000970/0002_01.jpg,n003037,n003037/0016_01.jpg
pair_0730,n008410,n008410/0001_01.jpg,n007676,n007676/0002_02.jpg,n009245,n009245/0001_01.jpg
pair_0731,n005515,n005515/0001_01.jpg,n003948,n003948/0007_01.jpg,n006564,n006564/0001_01.jpg
pair_0732,n005055,n005055/0001_02.jpg,n005509,n005509/0002_01.jpg,n000725,n000725/0020_01.jpg
pair_0733,n008402,n008402/0004_01.jpg,n003405,n003405/0002_01.jpg,n000247,n000247/0001_01.jpg
pair_0734,n004962,n004962/0001_01.jpg,n007292,n007292/0001_01.jpg,n000639,n000639/0004_01.jpg
pair_0735,n005247,n005247/0001_02.jpg,n001960,n001960/0001_01.jpg,n007720,n007720/0001_01.jpg
pair_0736,n008231,n008231/0002_01.jpg,n002331,n002331/0005_01.jpg,n008582,n008582/0002_01.jpg
pair_0737,n008962,n008962/0001_01.jpg,n000054,n000054/0002_01.jpg,n004220,n004220/0001_01.jpg
pair_0738,n008215,n008215/0001_01.jpg,n006237,n006237/0002_02.jpg,n006380,n006380/0001_01.jpg
pair_0739,n006838,n006838/0002_01.jpg,n001310,n001310/0001_01.jpg,n008633,n008633/0001_01.jpg
pair_0740,n008996,n008996/0002_01.jpg,n000754,n000754/0001_01.jpg,n005400,n005400/0001_01.jpg
pair_0741,n007747,n007747/0001_01.jpg,n003244,n003244/0003_01.jpg,n008261,n008261/0009_01.jpg
pair_0742,n005850,n005850/0002_01.jpg,n008119,n008119/0002_01.jpg,n002546,n002546/0001_01.jpg
pair_0743,n004904,n004904/0001_01.jpg,n000762,n000762/0001_01.jpg,n005000,n005000/0005_01.jpg
pair_0744,n004990,n004990/0003_01.jpg,n002678,n002678/0001_01.jpg,n000193,n000193/0001_01.jpg
pair_0745,n005868,n005868/0001_01.jpg,n003221,n003221/0002_01.jpg,n007017,n007017/0001_01.jpg
pair_0746,n003427,n003427/0003_01.jpg,n006331,n006331/0004_01.jpg,n000099,n000099/0001_01.jpg
pair_0747,n005901,n005901/0002_01.jpg,n004646,n004646/0001_01.jpg,n005251,n005251/0001_01.jpg
pair_0748,n008439,n008439/0002_01.jpg,n005208,n005208/0004_01.jpg,n006781,n006781/0001_01.jpg
pair_0749,n007401,n007401/0001_01.jpg,n000201,n000201/0001_01.jpg,n006967,n006967/0001_01.jpg
pair_0750,n008445,n008445/0001_01.jpg,n001265,n001265/0002_01.jpg,n003818,n003818/0001_01.jpg
pair_0751,n000980,n000980/0001_01.jpg,n006528,n006528/0002_01.jpg,n003323,n003323/0002_01.jpg
pair_0752,n005559,n005559/0001_01.jpg,n002609,n002609/0001_01.jpg,n002118,n002118/0001_01.jpg
pair_0753,n000377,n000377/0001_01.jpg,n008939,n008939/0002_01.jpg,n002117,n002117/0001_01.jpg
pair_0754,n006863,n006863/0001_01.jpg,n009054,n009054/0005_01.jpg,n006435,n006435/0004_01.jpg
pair_0755,n005686,n005686/0002_01.jpg,n000580,n000580/0002_01.jpg,n003368,n003368/0003_01.jpg
pair_0756,n006541,n006541/0001_01.jpg,n006095,n006095/0001_01.jpg,n008540,n008540/0001_01.jpg
pair_0757,n000881,n000881/0005_01.jpg,n002980,n002980/0001_01.jpg,n006269,n006269/0004_01.jpg
pair_0758,n006538,n006538/0001_01.jpg,n003441,n003441/0002_01.jpg,n007201,n007201/0003_01.jpg
pair_0759,n003096,n003096/0001_01.jpg,n001959,n001959/0001_01.jpg,n002952,n002952/0003_01.jpg
pair_0760,n005023,n005023/0001_01.jpg,n003448,n003448/0023_01.jpg,n009063,n009063/0002_01.jpg
pair_0761,n001084,n001084/0001_01.jpg,n006175,n006175/0010_01.jpg,n008766,n008766/0003_01.jpg
pair_0762,n000263,n000263/0003_01.jpg,n009022,n009022/0001_01.jpg,n001596,n001596/0004_01.jpg
pair_0763,n000420,n000420/0003_01.jpg,n004844,n004844/0001_01.jpg,n007182,n007182/0002_01.jpg
pair_0764,n008283,n008283/0001_01.jpg,n006044,n006044/0002_01.jpg,n003433,n003433/0001_01.jpg
pair_0765,n004367,n004367/0004_01.jpg,n001438,n001438/0006_01.jpg,n000653,n000653/0001_01.jpg
pair_0766,n007264,n007264/0001_01.jpg,n000865,n000865/0003_02.jpg,n000925,n000925/0006_01.jpg
pair_0767,n008064,n008064/0001_01.jpg,n002005,n002005/0009_01.jpg,n001234,n001234/0001_01.jpg
pair_0768,n000164,n000164/0001_01.jpg,n004584,n004584/0001_01.jpg,n004527,n004527/0002_01.jpg
pair_0769,n003779,n003779/0001_01.jpg,n007228,n007228/0005_01.jpg,n007009,n007009/0001_01.jpg
pair_0770,n002304,n002304/0007_01.jpg,n005735,n005735/0002_01.jpg,n000338,n000338/0001_02.jpg
pair_0771,n002059,n002059/0001_01.jpg,n007848,n007848/0001_01.jpg,n007050,n007050/0002_01.jpg
pair_0772,n000575,n000575/0004_01.jpg,n007098,n007098/0002_01.jpg,n000722,n000722/0005_01.jpg
pair_0773,n001261,n001261/0001_01.jpg,n004880,n004880/0001_01.jpg,n001943,n001943/0007_01.jpg
pair_0774,n000857,n000857/0001_01.jpg,n007414,n007414/0001_01.jpg,n000605,n000605/0001_01.jpg
pair_0775,n001789,n001789/0002_01.jpg,n009246,n009246/0012_01.jpg,n002218,n002218/0002_01.jpg
pair_0776,n003007,n003007/0006_01.jpg,n001980,n001980/0001_01.jpg,n000031,n000031/0003_01.jpg
pair_0777,n004209,n004209/0005_01.jpg,n007204,n007204/0004_01.jpg,n007939,n007939/0025_01.jpg
pair_0778,n003048,n003048/0008_01.jpg,n004059,n004059/0003_01.jpg,n007291,n007291/0001_01.jpg
pair_0779,n005743,n005743/0001_01.jpg,n007535,n007535/0001_01.jpg,n003788,n003788/0001_01.jpg
pair_0780,n004640,n004640/0002_01.jpg,n002467,n002467/0005_01.jpg,n008981,n008981/0011_01.jpg
pair_0781,n006447,n006447/0001_01.jpg,n004689,n004689/0002_01.jpg,n001557,n001557/0003_01.jpg
pair_0782,n008097,n008097/0004_01.jpg,n006058,n006058/0002_01.jpg,n001785,n001785/0001_01.jpg
pair_0783,n000808,n000808/0002_01.jpg,n008116,n008116/0001_01.jpg,n004416,n004416/0001_01.jpg
pair_0784,n005506,n005506/0001_01.jpg,n003847,n003847/0001_01.jpg,n006578,n006578/0001_01.jpg
pair_0785,n006462,n006462/0001_01.jpg,n002325,n002325/0004_02.jpg,n005891,n005891/0001_01.jpg
pair_0786,n008794,n008794/0002_01.jpg,n001046,n001046/0002_01.jpg,n001103,n001103/0001_01.jpg
pair_0787,n006514,n006514/0003_01.jpg,n008083,n008083/0002_01.jpg,n008347,n008347/0001_01.jpg
pair_0788,n008390,n008390/0004_02.jpg,n008563,n008563/0001_01.jpg,n006377,n006377/0002_01.jpg
pair_0789,n008197,n008197/0001_01.jpg,n000292,n000292/0003_01.jpg,n009016,n009016/0003_01.jpg
pair_0790,n005989,n005989/0001_01.jpg,n007878,n007878/0001_01.jpg,n002611,n002611/0001_01.jpg
pair_0791,n008321,n008321/0001_01.jpg,n005479,n005479/0001_03.jpg,n001609,n001609/0003_02.jpg
pair_0792,n000309,n000309/0001_01.jpg,n001732,n001732/0001_01.jpg,n004388,n004388/0001_01.jpg
pair_0793,n001078,n001078/0001_01.jpg,n004396,n004396/0001_01.jpg,n008790,n008790/0002_01.jpg
pair_0794,n008832,n008832/0001_01.jpg,n007452,n007452/0001_01.jpg,n004287,n004287/0002_01.jpg
pair_0795,n008929,n008929/0001_01.jpg,n006197,n006197/0001_01.jpg,n004501,n004501/0005_01.jpg
pair_0796,n005054,n005054/0002_01.jpg,n000202,n000202/0001_01.jpg,n006915,n006915/0003_01.jpg
pair_0797,n007990,n007990/0002_01.jpg,n006261,n006261/0001_01.jpg,n009085,n009085/0001_01.jpg
pair_0798,n008068,n008068/0001_01.jpg,n004330,n004330/0002_01.jpg,n005254,n005254/0001_01.jpg
pair_0799,n007851,n007851/0002_01.jpg,n001312,n001312/0002_01.jpg,n007561,n007561/0002_01.jpg
pair_0800,n007095,n007095/0001_01.jpg,n003035,n003035/0001_01.jpg,n003582,n003582/0001_01.jpg
pair_0801,n003988,n003988/0001_01.jpg,n004163,n004163/0001_01.jpg,n005596,n005596/0003_01.jpg
pair_0802,n005269,n005269/0001_01.jpg,n003657,n003657/0001_01.jpg,n002310,n002310/0002_01.jpg
pair_0803,n005132,n005132/0001_01.jpg,n005324,n005324/0008_01.jpg,n007574,n007574/0006_01.jpg
pair_0804,n002418,n002418/0003_01.jpg,n007520,n007520/0001_01.jpg,n007055,n007055/0001_01.jpg
pair_0805,n006500,n006500/0001_02.jpg,n006254,n006254/0001_01.jpg,n002900,n002900/0001_01.jpg
pair_0806,n001080,n001080/0001_01.jpg,n006566,n006566/0001_01.jpg,n003355,n003355/0001_01.jpg
pair_0807,n006583,n006583/0001_01.jpg,n002193,n002193/0001_01.jpg,n003628,n003628/0001_01.jpg
pair_0808,n004797,n004797/0001_01.jpg,n005426,n005426/0001_01.jpg,n002010,n002010/0007_01.jpg
pair_0809,n001470,n001470/0001_01.jpg,n001101,n001101/0001_01.jpg,n008810,n008810/0008_01.jpg
pair_0810,n002654,n002654/0001_01.jpg,n007755,n007755/0002_01.jpg,n008462,n008462/0010_01.jpg
pair_0811,n000630,n000630/0001_01.jpg,n003745,n003745/0002_01.jpg,n001592,n001592/0001_02.jpg
pair_0812,n003008,n003008/0001_01.jpg,n001240,n001240/0005_01.jpg,n002295,n002295/0001_01.jpg
pair_0813,n001544,n001544/0001_01.jpg,n006792,n006792/0001_01.jpg,n004322,n004322/0001_01.jpg
pair_0814,n002758,n002758/0001_01.jpg,n008940,n008940/0002_01.jpg,n002984,n002984/0001_01.jpg
pair_0815,n001193,n001193/0001_01.jpg,n000092,n000092/0001_01.jpg,n000192,n000192/0001_01.jpg
pair_0816,n000613,n000613/0001_01.jpg,n006973,n006973/0001_01.jpg,n005367,n005367/0001_01.jpg
pair_0817,n002582,n002582/0001_01.jpg,n007242,n007242/0002_01.jpg,n006141,n006141/0001_01.jpg
pair_0818,n008920,n008920/0001_01.jpg,n000120,n000120/0001_01.jpg,n003422,n003422/0001_01.jpg
pair_0819,n001764,n001764/0001_01.jpg,n000837,n000837/0002_01.jpg,n000277,n000277/0003_01.jpg
pair_0820,n000820,n000820/0001_01.jpg,n003718,n003718/0001_01.jpg,n008027,n008027/0003_01.jpg
pair_0821,n007830,n007830/0007_01.jpg,n006813,n006813/0002_01.jpg,n008881,n008881/0001_01.jpg
pair_0822,n003432,n003432/0001_01.jpg,n001398,n001398/0003_01.jpg,n000961,n000961/0003_01.jpg
pair_0823,n003555,n003555/0004_01.jpg,n006721,n006721/0002_06.jpg,n004462,n004462/0001_01.jpg
pair_0824,n003233,n003233/0001_01.jpg,n003403,n003403/0001_01.jpg,n003146,n003146/0001_01.jpg
pair_0825,n008307,n008307/0001_01.jpg,n001872,n001872/0001_01.jpg,n008288,n008288/0001_01.jpg
pair_0826,n001047,n001047/0002_01.jpg,n001440,n001440/0001_01.jpg,n006042,n006042/0002_01.jpg
pair_0827,n001613,n001613/0001_01.jpg,n007859,n007859/0003_01.jpg,n008320,n008320/0001_01.jpg
pair_0828,n002812,n002812/0001_01.jpg,n006359,n006359/0001_01.jpg,n007058,n007058/0001_01.jpg
pair_0829,n005095,n005095/0010_01.jpg,n008287,n008287/0005_01.jpg,n002513,n002513/0001_01.jpg
pair_0830,n006894,n006894/0003_01.jpg,n005578,n005578/0001_01.jpg,n000784,n000784/0001_01.jpg
pair_0831,n002027,n002027/0006_01.jpg,n000266,n000266/0002_01.jpg,n005669,n005669/0001_01.jpg
pair_0832,n000625,n000625/0001_01.jpg,n005888,n005888/0002_01.jpg,n007062,n007062/0002_01.jpg
pair_0833,n009081,n009081/0002_01.jpg,n009187,n009187/0001_01.jpg,n000610,n000610/0001_01.jpg
pair_0834,n003621,n003621/0001_02.jpg,n008150,n008150/0003_01.jpg,n008052,n008052/0001_01.jpg
pair_0835,n004675,n004675/0001_01.jpg,n007127,n007127/0001_01.jpg,n000723,n000723/0007_01.jpg
pair_0836,n000511,n000511/0001_01.jpg,n008088,n008088/0002_01.jpg,n003053,n003053/0013_01.jpg
pair_0837,n006127,n006127/0002_01.jpg,n005927,n005927/0002_01.jpg,n002731,n002731/0011_01.jpg
pair_0838,n008791,n008791/0001_01.jpg,n004030,n004030/0002_01.jpg,n004961,n004961/0001_01.jpg
pair_0839,n000582,n000582/0001_01.jpg,n002941,n002941/0001_01.jpg,n002959,n002959/0001_01.jpg
pair_0840,n007802,n007802/0002_01.jpg,n007635,n007635/0005_01.jpg,n006872,n006872/0002_01.jpg
pair_0841,n001622,n001622/0001_01.jpg,n001719,n001719/0001_01.jpg,n002219,n002219/0003_01.jpg
pair_0842,n003959,n003959/0002_01.jpg,n002981,n002981/0002_01.jpg,n007684,n007684/0002_01.jpg
pair_0843,n008868,n008868/0001_01.jpg,n005720,n005720/0002_01.jpg,n007451,n007451/0002_01.jpg
pair_0844,n001933,n001933/0002_01.jpg,n003487,n003487/0002_01.jpg,n004441,n004441/0001_01.jpg
pair_0845,n005094,n005094/0001_02.jpg,n004225,n004225/0001_01.jpg,n002256,n002256/0001_01.jpg
pair_0846,n007477,n007477/0002_01.jpg,n004700,n004700/0001_01.jpg,n006547,n006547/0001_01.jpg
pair_0847,n005484,n005484/0003_01.jpg,n008779,n008779/0001_01.jpg,n002053,n002053/0003_01.jpg
pair_0848,n007063,n007063/0001_01.jpg,n004984,n004984/0002_01.jpg,n005341,n005341/0001_01.jpg
pair_0849,n006510,n006510/0001_01.jpg,n001416,n001416/0001_01.jpg,n008103,n008103/0001_01.jpg
pair_0850,n009116,n009116/0002_01.jpg,n005760,n005760/0002_01.jpg,n005617,n005617/0003_01.jpg
pair_0851,n001307,n001307/0001_01.jpg,n005308,n005308/0001_02.jpg,n004155,n004155/0001_01.jpg
pair_0852,n002236,n002236/0004_01.jpg,n006682,n006682/0001_01.jpg,n005836,n005836/0001_01.jpg
pair_0853,n003252,n003252/0003_01.jpg,n006432,n006432/0001_01.jpg,n001611,n001611/0005_01.jpg
pair_0854,n002898,n002898/0001_01.jpg,n007231,n007231/0002_01.jpg,n008501,n008501/0002_01.jpg
pair_0855,n007307,n007307/0001_01.jpg,n003148,n003148/0003_01.jpg,n002922,n002922/0001_01.jpg
pair_0856,n007935,n007935/0001_01.jpg,n005310,n005310/0001_01.jpg,n007480,n007480/0001_01.jpg
pair_0857,n001750,n001750/0002_01.jpg,n002085,n002085/0001_02.jpg,n002394,n002394/0002_01.jpg
pair_0858,n008093,n008093/0005_01.jpg,n001072,n001072/0002_01.jpg,n002410,n002410/0004_01.jpg
pair_0859,n002970,n002970/0005_01.jpg,n003260,n003260/0001_01.jpg,n009227,n009227/0003_01.jpg
pair_0860,n004761,n004761/0001_01.jpg,n008289,n008289/0002_01.jpg,n003143,n003143/0001_01.jpg
pair_0861,n008211,n008211/0002_01.jpg,n006239,n006239/0001_01.jpg,n000166,n000166/0001_01.jpg
pair_0862,n000308,n000308/0002_01.jpg,n004889,n004889/0001_01.jpg,n000932,n000932/0001_01.jpg
pair_0863,n003375,n003375/0002_01.jpg,n004498,n004498/0001_01.jpg,n006107,n006107/0001_01.jpg
pair_0864,n001295,n001295/0002_01.jpg,n008496,n008496/0001_01.jpg,n001782,n001782/0002_01.jpg
pair_0865,n007047,n007047/0001_01.jpg,n005001,n005001/0001_01.jpg,n006186,n006186/0001_01.jpg
pair_0866,n008839,n008839/0001_01.jpg,n005381,n005381/0001_01.jpg,n002584,n002584/0001_01.jpg
pair_0867,n002537,n002537/0001_01.jpg,n006639,n006639/0001_01.jpg,n000139,n000139/0003_01.jpg
pair_0868,n003153,n003153/0001_01.jpg,n006390,n006390/0001_01.jpg,n002816,n002816/0001_01.jpg
pair_0869,n002562,n002562/0003_01.jpg,n008290,n008290/0003_01.jpg,n006812,n006812/0002_01.jpg
pair_0870,n005873,n005873/0001_01.jpg,n004415,n004415/0001_01.jpg,n006582,n006582/0001_01.jpg
pair_0871,n006985,n006985/0001_01.jpg,n003956,n003956/0005_01.jpg,n007107,n007107/0002_01.jpg
pair_0872,n007213,n007213/0001_01.jpg,n001784,n001784/0001_01.jpg,n006882,n006882/0001_01.jpg
pair_0873,n006158,n006158/0002_01.jpg,n002196,n002196/0001_01.jpg,n004044,n004044/0003_01.jpg
pair_0874,n003810,n003810/0001_01.jpg,n000508,n000508/0001_01.jpg,n001157,n001157/0002_01.jpg
pair_0875,n004131,n004131/0002_01.jpg,n000545,n000545/0002_01.jpg,n007042,n007042/0003_01.jpg
pair_0876,n004202,n004202/0002_01.jpg,n008239,n008239/0001_01.jpg,n002390,n002390/0001_01.jpg
pair_0877,n006309,n006309/0002_01.jpg,n001964,n001964/0001_01.jpg,n004221,n004221/0003_01.jpg
pair_0878,n002323,n002323/0001_01.jpg,n006905,n006905/0001_01.jpg,n005344,n005344/0001_01.jpg
pair_0879,n002422,n002422/0002_01.jpg,n008077,n008077/0004_01.jpg,n000358,n000358/0001_01.jpg
pair_0880,n002721,n002721/0001_02.jpg,n004780,n004780/0005_01.jpg,n006386,n006386/0001_01.jpg
pair_0881,n003801,n003801/0001_01.jpg,n009139,n009139/0005_02.jpg,n004429,n004429/0001_01.jpg
pair_0882,n002387,n002387/0001_01.jpg,n009262,n009262/0002_01.jpg,n006628,n006628/0001_01.jpg
pair_0883,n005402,n005402/0001_01.jpg,n009169,n009169/0001_01.jpg,n000475,n000475/0001_02.jpg
pair_0884,n005584,n005584/0001_01.jpg,n005731,n005731/0001_01.jpg,n002449,n002449/0001_01.jpg
pair_0885,n000547,n000547/0001_01.jpg,n008872,n008872/0001_01.jpg,n002151,n002151/0001_01.jpg
pair_0886,n003297,n003297/0001_01.jpg,n000339,n000339/0002_02.jpg,n004296,n004296/0002_01.jpg
pair_0887,n002447,n002447/0001_01.jpg,n006320,n006320/0001_01.jpg,n005086,n005086/0001_01.jpg
pair_0888,n004596,n004596/0002_01.jpg,n001253,n001253/0001_01.jpg,n008666,n008666/0001_02.jpg
pair_0889,n009003,n009003/0003_01.jpg,n003803,n003803/0001_01.jpg,n005800,n005800/0002_01.jpg
pair_0890,n004893,n004893/0001_01.jpg,n003982,n003982/0003_01.jpg,n002121,n002121/0001_01.jpg
pair_0891,n009219,n009219/0001_01.jpg,n003154,n003154/0002_01.jpg,n004171,n004171/0001_01.jpg
pair_0892,n007072,n007072/0004_01.jpg,n008399,n008399/0001_01.jpg,n007319,n007319/0001_01.jpg
pair_0893,n002725,n002725/0001_01.jpg,n002833,n002833/0001_01.jpg,n006507,n006507/0001_01.jpg
pair_0894,n002575,n002575/0001_01.jpg,n004286,n004286/0003_01.jpg,n001585,n001585/0002_01.jpg
pair_0895,n001176,n001176/0008_01.jpg,n001520,n001520/0001_01.jpg,n006927,n006927/0006_01.jpg
pair_0896,n006601,n006601/0008_01.jpg,n004987,n004987/0002_01.jpg,n001922,n001922/0002_01.jpg
pair_0897,n001426,n001426/0001_01.jpg,n003349,n003349/0002_01.jpg,n002858,n002858/0001_01.jpg
pair_0898,n001945,n001945/0001_01.jpg,n000049,n000049/0003_02.jpg,n000972,n000972/0001_01.jpg
pair_0899,n006932,n006932/0004_01.jpg,n002772,n002772/0001_01.jpg,n009002,n009002/0002_01.jpg
pair_0900,n001466,n001466/0001_01.jpg,n006241,n006241/0003_01.jpg,n008165,n008165/0003_01.jpg
pair_0901,n002043,n002043/0004_01.jpg,n008690,n008690/0001_01.jpg,n006335,n006335/0003_01.jpg
pair_0902,n003544,n003544/0006_01.jpg,n008676,n008676/0001_01.jpg,n004084,n004084/0002_01.jpg
pair_0903,n002549,n002549/0003_01.jpg,n007138,n007138/0001_01.jpg,n006996,n006996/0001_01.jpg
pair_0904,n001713,n001713/0001_01.jpg,n008817,n008817/0002_01.jpg,n004938,n004938/0002_01.jpg
pair_0905,n005350,n005350/0006_01.jpg,n006784,n006784/0001_01.jpg,n001605,n001605/0008_01.jpg
pair_0906,n009194,n009194/0001_01.jpg,n003402,n003402/0001_02.jpg,n002515,n002515/0001_01.jpg
pair_0907,n003656,n003656/0001_01.jpg,n007595,n007595/0001_02.jpg,n008151,n008151/0004_02.jpg
pair_0908,n004266,n004266/0001_01.jpg,n001136,n001136/0003_01.jpg,n000665,n000665/0002_02.jpg
pair_0909,n007350,n007350/0001_01.jpg,n005791,n005791/0003_01.jpg,n009040,n009040/0001_01.jpg
pair_0910,n004194,n004194/0001_01.jpg,n003242,n003242/0001_01.jpg,n008148,n008148/0001_01.jpg
pair_0911,n007693,n007693/0002_01.jpg,n000619,n000619/0001_01.jpg,n007149,n007149/0001_01.jpg
pair_0912,n001685,n001685/0008_01.jpg,n000076,n000076/0001_01.jpg,n006128,n006128/0001_01.jpg
pair_0913,n001454,n001454/0015_01.jpg,n008934,n008934/0004_01.jpg,n006425,n006425/0005_01.jpg
pair_0914,n000882,n000882/0001_01.jpg,n003567,n003567/0006_01.jpg,n008830,n008830/0004_01.jpg
pair_0915,n001228,n001228/0001_01.jpg,n003585,n003585/0001_01.jpg,n006576,n006576/0001_01.jpg
pair_0916,n006535,n006535/0001_01.jpg,n005227,n005227/0012_01.jpg,n002147,n002147/0011_01.jpg
pair_0917,n003399,n003399/0007_01.jpg,n002746,n002746/0002_01.jpg,n007886,n007886/0001_01.jpg
pair_0918,n000155,n000155/0001_02.jpg,n008834,n008834/0001_01.jpg,n008620,n008620/0001_01.jpg
pair_0919,n005084,n005084/0007_01.jpg,n007479,n007479/0003_01.jpg,n006687,n006687/0002_01.jpg
pair_0920,n000717,n000717/0001_01.jpg,n002865,n002865/0001_01.jpg,n002755,n002755/0003_01.jpg
pair_0921,n007457,n007457/0007_01.jpg,n004906,n004906/0002_01.jpg,n004339,n004339/0002_01.jpg
pair_0922,n003382,n003382/0001_01.jpg,n008745,n008745/0002_02.jpg,n009278,n009278/0005_01.jpg
pair_0923,n005996,n005996/0003_01.jpg,n001688,n001688/0001_01.jpg,n004039,n004039/0001_01.jpg
pair_0924,n002778,n002778/0002_01.jpg,n007568,n007568/0002_02.jpg,n005039,n005039/0001_01.jpg
pair_0925,n006126,n006126/0001_01.jpg,n004129,n004129/0002_01.jpg,n002995,n002995/0001_01.jpg
pair_0926,n003164,n003164/0005_01.jpg,n006328,n006328/0002_01.jpg,n008440,n008440/0001_01.jpg
pair_0927,n009182,n009182/0001_01.jpg,n007314,n007314/0001_01.jpg,n008359,n008359/0002_01.jpg
pair_0928,n008308,n008308/0001_01.jpg,n000524,n000524/0003_02.jpg,n008176,n008176/0001_01.jpg
pair_0929,n003584,n003584/0005_01.jpg,n007880,n007880/0001_01.jpg,n007530,n007530/0004_01.jpg
pair_0930,n005176,n005176/0003_01.jpg,n002829,n002829/0001_01.jpg,n008947,n008947/0001_02.jpg
pair_0931,n001321,n001321/0002_02.jpg,n007336,n007336/0006_01.jpg,n000864,n000864/0002_01.jpg
pair_0932,n004282,n004282/0009_01.jpg,n007943,n007943/0001_01.jpg,n008007,n008007/0004_01.jpg
pair_0933,n003479,n003479/0001_01.jpg,n000943,n000943/0002_01.jpg,n004884,n004884/0002_01.jpg
pair_0934,n000173,n000173/0004_01.jpg,n001396,n001396/0002_01.jpg,n008801,n008801/0001_01.jpg
pair_0935,n003325,n003325/0001_01.jpg,n006757,n006757/0006_01.jpg,n008071,n008071/0001_01.jpg
pair_0936,n003223,n003223/0001_01.jpg,n000901,n000901/0002_02.jpg,n005210,n005210/0002_01.jpg
pair_0937,n006603,n006603/0006_01.jpg,n005133,n005133/0002_02.jpg,n006760,n006760/0003_01.jpg
pair_0938,n005213,n005213/0001_01.jpg,n003518,n003518/0009_01.jpg,n008437,n008437/0001_01.jpg
pair_0939,n004690,n004690/0003_01.jpg,n000708,n000708/0001_01.jpg,n008094,n008094/0007_01.jpg
pair_0940,n008865,n008865/0001_01.jpg,n008579,n008579/0001_01.jpg,n002039,n002039/0001_01.jpg
pair_0941,n007925,n007925/0001_01.jpg,n002288,n002288/0001_01.jpg,n009221,n009221/0005_01.jpg
pair_0942,n001478,n001478/0001_01.jpg,n006226,n006226/0005_01.jpg,n003299,n003299/0003_01.jpg
pair_0943,n009162,n009162/0001_01.jpg,n009092,n009092/0001_01.jpg,n007093,n007093/0003_01.jpg
pair_0944,n001281,n001281/0003_01.jpg,n006923,n006923/0001_01.jpg,n002994,n002994/0001_01.jpg
pair_0945,n006752,n006752/0004_01.jpg,n004166,n004166/0001_01.jpg,n004573,n004573/0001_01.jpg
pair_0946,n009106,n009106/0002_01.jpg,n002567,n002567/0003_01.jpg,n003365,n003365/0004_01.jpg
pair_0947,n001219,n001219/0001_01.jpg,n003506,n003506/0001_01.jpg,n007695,n007695/0002_01.jpg
pair_0948,n002695,n002695/0002_01.jpg,n005893,n005893/0003_01.jpg,n003962,n003962/0001_01.jpg
pair_0949,n004448,n004448/0001_01.jpg,n003854,n003854/0003_01.jpg,n004559,n004559/0001_01.jpg
pair_0950,n001946,n001946/0003_01.jpg,n000735,n000735/0001_01.jpg,n000969,n000969/0001_01.jpg
pair_0951,n002489,n002489/0001_01.jpg,n004301,n004301/0001_01.jpg,n007433,n007433/0001_01.jpg
pair_0952,n001180,n001180/0001_01.jpg,n003560,n003560/0003_02.jpg,n008333,n008333/0002_01.jpg
pair_0953,n006569,n006569/0010_01.jpg,n005802,n005802/0021_01.jpg,n008147,n008147/0002_01.jpg
pair_0954,n001593,n001593/0001_01.jpg,n002359,n002359/0004_01.jpg,n008464,n008464/0001_02.jpg
pair_0955,n005463,n005463/0001_01.jpg,n001744,n001744/0001_01.jpg,n002886,n002886/0001_01.jpg
pair_0956,n006581,n006581/0001_01.jpg,n000365,n000365/0001_01.jpg,n008223,n008223/0002_01.jpg
pair_0957,n008503,n008503/0001_01.jpg,n002881,n002881/0001_01.jpg,n005481,n005481/0014_01.jpg
pair_0958,n009000,n009000/0005_01.jpg,n001950,n001950/0001_01.jpg,n001516,n001516/0003_01.jpg
pair_0959,n007737,n007737/0005_02.jpg,n000935,n000935/0001_03.jpg,n000919,n000919/0001_01.jpg
pair_0960,n002299,n002299/0001_01.jpg,n007194,n007194/0002_01.jpg,n005837,n005837/0001_01.jpg
pair_0961,n007622,n007622/0002_01.jpg,n006034,n006034/0001_01.jpg,n008041,n008041/0003_01.jpg
pair_0962,n004548,n004548/0001_01.jpg,n003924,n003924/0002_01.jpg,n002430,n002430/0001_04.jpg
pair_0963,n003111,n003111/0001_01.jpg,n007041,n007041/0001_01.jpg,n004464,n004464/0001_01.jpg
pair_0964,n003247,n003247/0001_01.jpg,n007759,n007759/0001_01.jpg,n005394,n005394/0003_01.jpg
pair_0965,n000391,n000391/0002_01.jpg,n007860,n007860/0001_01.jpg,n002648,n002648/0004_01.jpg
pair_0966,n008364,n008364/0002_01.jpg,n004739,n004739/0001_01.jpg,n006934,n006934/0001_01.jpg
pair_0967,n001728,n001728/0003_01.jpg,n008815,n008815/0001_01.jpg,n005219,n005219/0001_01.jpg
pair_0968,n002508,n002508/0002_01.jpg,n000234,n000234/0002_01.jpg,n000188,n000188/0001_01.jpg
pair_0969,n001087,n001087/0003_01.jpg,n003239,n003239/0001_01.jpg,n006697,n006697/0003_01.jpg
pair_0970,n005780,n005780/0001_01.jpg,n005275,n005275/0001_01.jpg,n000615,n000615/0001_02.jpg
pair_0971,n001407,n001407/0001_01.jpg,n005147,n005147/0004_01.jpg,n005707,n005707/0002_01.jpg
pair_0972,n004324,n004324/0001_01.jpg,n006827,n006827/0001_01.jpg,n003563,n003563/0001_01.jpg
pair_0973,n002202,n002202/0001_01.jpg,n009234,n009234/0001_01.jpg,n008694,n008694/0006_01.jpg
pair_0974,n002273,n002273/0001_01.jpg,n002397,n002397/0008_01.jpg,n004057,n004057/0001_01.jpg
pair_0975,n005496,n005496/0002_01.jpg,n005954,n005954/0001_01.jpg,n002897,n002897/0001_01.jpg
pair_0976,n007126,n007126/0001_01.jpg,n006938,n006938/0001_01.jpg,n007656,n007656/0002_01.jpg
pair_0977,n000142,n000142/0001_02.jpg,n007351,n007351/0001_01.jpg,n006371,n006371/0001_01.jpg
pair_0978,n005507,n005507/0001_01.jpg,n000543,n000543/0001_01.jpg,n007220,n007220/0001_01.jpg
pair_0979,n005699,n005699/0001_01.jpg,n001450,n001450/0001_01.jpg,n006266,n006266/0001_03.jpg
pair_0980,n007840,n007840/0004_01.jpg,n002892,n002892/0002_01.jpg,n005190,n005190/0001_02.jpg
pair_0981,n000668,n000668/0001_01.jpg,n000423,n000423/0002_01.jpg,n006167,n006167/0003_01.jpg
pair_0982,n003414,n003414/0001_01.jpg,n000416,n000416/0001_01.jpg,n005566,n005566/0001_01.jpg
pair_0983,n006268,n006268/0005_01.jpg,n007593,n007593/0001_02.jpg,n000593,n000593/0001_01.jpg
pair_0984,n001858,n001858/0001_01.jpg,n001167,n001167/0004_01.jpg,n008519,n008519/0002_01.jpg
pair_0985,n000376,n000376/0001_01.jpg,n000504,n000504/0001_01.jpg,n008898,n008898/0003_01.jpg
pair_0986,n004028,n004028/0001_01.jpg,n001598,n001598/0011_01.jpg,n000682,n000682/0007_01.jpg
pair_0987,n001636,n001636/0007_01.jpg,n004382,n004382/0002_01.jpg,n004310,n004310/0002_01.jpg
pair_0988,n004499,n004499/0001_01.jpg,n003612,n003612/0001_01.jpg,n000138,n000138/0005_01.jpg
pair_0989,n001675,n001675/0006_01.jpg,n003625,n003625/0001_01.jpg,n002951,n002951/0001_01.jpg
pair_0990,n008157,n008157/0001_01.jpg,n004846,n004846/0002_01.jpg,n001740,n001740/0003_01.jpg
pair_0991,n003084,n003084/0002_01.jpg,n003974,n003974/0003_01.jpg,n007302,n007302/0001_01.jpg
pair_0992,n001942,n001942/0004_01.jpg,n004939,n004939/0001_01.jpg,n004316,n004316/0004_01.jpg
pair_0993,n004900,n004900/0001_01.jpg,n007273,n007273/0001_01.jpg,n007649,n007649/0005_01.jpg
pair_0994,n006868,n006868/0001_01.jpg,n007824,n007824/0001_01.jpg,n000378,n000378/0001_01.jpg
pair_0995,n007617,n007617/0002_01.jpg,n001839,n001839/0001_01.jpg,n002698,n002698/0001_01.jpg
pair_0996,n003216,n003216/0003_01.jpg,n006880,n006880/0001_01.jpg,n007445,n007445/0001_01.jpg
pair_0997,n001953,n001953/0001_01.jpg,n008681,n008681/0001_01.jpg,n003060,n003060/0001_01.jpg
pair_0998,n003492,n003492/0001_01.jpg,n008338,n008338/0003_01.jpg,n001273,n001273/0003_01.jpg
pair_0999,n003091,n003091/0001_01.jpg,n007393,n007393/0001_01.jpg,n009263,n009263/0001_01.jpg
